run,lang,n,ref,chrf,comet,p50,p95,max,ttft_p50,req_p50,req_p95,req_max,out_tok_per_s,load_ms,vram_mib,caps,failures
eurollm17-q8.clauses+asr,de,300,pseudo(gemma4-26b),60.3,,225.2,340.6,439.1,33.3,259.5,388.6,528.0,69.0,666.0,2352,1,fragment-continued=3;too-long=1;untranslated=1
eurollm17-q8.clauses+asr,es,300,pseudo(gemma4-26b),64.9,,221.7,341.1,500.5,33.0,259.5,388.6,528.0,67.0,666.0,2352,1,commentary=1;fragment-continued=1;too-long=2
eurollm17-q8.clauses+asr,fr,300,pseudo(gemma4-26b),61.8,,245.6,382.9,527.0,33.2,259.5,388.6,528.0,69.0,666.0,2352,1,capped:max_tokens=1;commentary=1;fragment-continued=1
eurollm17-q8.clauses+asr,pt,300,pseudo(gemma4-26b),61.8,,218.6,350.6,486.8,33.5,259.5,388.6,528.0,66.0,666.0,2352,1,commentary=2;too-long=1;untranslated=2
eurollm17-q8.clauses,de,300,pseudo(gemma4-26b),60.3,,83.6,122.1,159.1,18.8,93.8,140.4,180.2,184.0,547.0,2352,1,fragment-continued=3;too-long=1;untranslated=1
eurollm17-q8.clauses,es,300,pseudo(gemma4-26b),64.9,,79.9,121.3,175.0,18.5,93.8,140.4,180.2,179.0,547.0,2352,1,commentary=1;fragment-continued=1;too-long=2
eurollm17-q8.clauses,fr,300,pseudo(gemma4-26b),61.8,,87.3,137.1,179.3,18.6,93.8,140.4,180.2,186.0,547.0,2352,1,capped:max_tokens=1;commentary=1;fragment-continued=1
eurollm17-q8.clauses,pt,300,pseudo(gemma4-26b),61.8,,80.8,125.4,164.5,18.9,93.8,140.4,180.2,177.0,547.0,2352,1,commentary=2;too-long=1;untranslated=2
eurollm17-q8.flores,de,500,flores,59.7,,160.0,264.6,387.2,21.0,179.5,292.1,434.5,210.0,541.0,2360,0,
eurollm17-q8.flores,es,500,flores,53.3,,159.5,262.1,409.7,20.7,179.5,292.1,434.5,206.0,541.0,2360,0,
eurollm17-q8.flores,fr,500,flores,66.3,,171.9,287.1,433.0,20.9,179.5,292.1,434.5,211.0,541.0,2360,0,
eurollm17-q8.flores,pt,500,flores,66.2,,156.2,257.7,394.3,21.2,179.5,292.1,434.5,205.0,541.0,2360,0,
gemma4-26b-q4.ref,de,300,pseudo(gemma4-26b),,,186.7,286.2,363.7,61.7,916.1,1319.9,1617.3,80.0,7279.0,17228,0,
gemma4-26b-q4.ref,es,300,pseudo(gemma4-26b),,,176.0,265.6,314.5,61.9,916.1,1319.9,1617.3,77.0,7279.0,17228,0,
gemma4-26b-q4.ref,fr,300,pseudo(gemma4-26b),,,196.9,280.3,356.9,62.2,916.1,1319.9,1617.3,81.0,7279.0,17228,0,
gemma4-26b-q4.ref,pt,300,pseudo(gemma4-26b),,,183.7,272.6,351.7,62.1,916.1,1319.9,1617.3,78.0,7279.0,17228,0,
gemma4-26b-q4.ref,zh,300,pseudo(gemma4-26b),,,166.5,247.1,305.5,61.3,916.1,1319.9,1617.3,74.0,7279.0,17228,0,
gemma4-e2b-q4.clauses+asr,de,300,pseudo(gemma4-26b),64.7,,349.2,571.6,723.9,55.6,395.2,606.4,872.5,40.0,1428.0,2342,0,
gemma4-e2b-q4.clauses+asr,es,300,pseudo(gemma4-26b),73.3,,339.4,545.3,794.5,55.0,395.2,606.4,872.5,38.0,1428.0,2342,0,
gemma4-e2b-q4.clauses+asr,fr,300,pseudo(gemma4-26b),68.8,,364.7,576.1,871.6,55.3,395.2,606.4,872.5,40.0,1428.0,2342,0,
gemma4-e2b-q4.clauses+asr,pt,300,pseudo(gemma4-26b),70.7,,345.0,565.7,795.2,55.9,395.2,606.4,872.5,38.0,1428.0,2342,0,
gemma4-e2b-q4.clauses,de,300,pseudo(gemma4-26b),64.7,,134.5,206.7,257.3,29.6,147.1,220.1,294.0,105.0,1057.0,2342,0,
gemma4-e2b-q4.clauses,es,300,pseudo(gemma4-26b),73.3,,129.2,192.3,271.7,29.0,147.1,220.1,294.0,102.0,1057.0,2342,0,
gemma4-e2b-q4.clauses,fr,300,pseudo(gemma4-26b),68.8,,139.1,207.3,293.1,29.3,147.1,220.1,294.0,106.0,1057.0,2342,0,
gemma4-e2b-q4.clauses,pt,300,pseudo(gemma4-26b),70.7,,131.6,203.3,272.3,29.9,147.1,220.1,294.0,102.0,1057.0,2342,0,
gemma4-e2b-q4.flores,de,500,flores,61.7,,279.8,455.4,666.6,33.4,300.5,473.0,776.9,121.0,1077.0,2342,0,
gemma4-e2b-q4.flores,es,500,flores,53.8,,264.5,442.7,726.5,32.8,300.5,473.0,776.9,118.0,1077.0,2342,0,
gemma4-e2b-q4.flores,fr,500,flores,68.0,,289.2,458.3,760.8,33.1,300.5,473.0,776.9,121.0,1077.0,2342,0,
gemma4-e2b-q4.flores,pt,500,flores,69.7,,274.7,430.7,775.0,33.7,300.5,473.0,776.9,117.0,1077.0,2342,0,
gemma4-e4b-q4.clauses+asr,de,300,pseudo(gemma4-26b),70.6,,471.9,756.7,945.9,79.3,525.4,807.9,980.2,31.0,1898.0,3986,0,
gemma4-e4b-q4.clauses+asr,es,300,pseudo(gemma4-26b),75.6,,441.2,719.2,970.5,78.7,525.4,807.9,980.2,30.0,1898.0,3986,0,
gemma4-e4b-q4.clauses+asr,fr,300,pseudo(gemma4-26b),73.1,,492.5,771.1,979.3,79.0,525.4,807.9,980.2,31.0,1898.0,3986,0,
gemma4-e4b-q4.clauses+asr,pt,300,pseudo(gemma4-26b),74.2,,458.9,745.3,971.2,79.6,525.4,807.9,980.2,30.0,1898.0,3986,0,
gemma4-e4b-q4.clauses,de,300,pseudo(gemma4-26b),70.6,,209.1,323.9,395.7,45.4,227.2,339.7,429.2,70.0,1429.0,3986,0,
gemma4-e4b-q4.clauses,es,300,pseudo(gemma4-26b),75.6,,198.4,308.3,419.5,44.7,227.2,339.7,429.2,67.0,1429.0,3986,0,
gemma4-e4b-q4.clauses,fr,300,pseudo(gemma4-26b),73.1,,217.8,333.4,428.2,45.1,227.2,339.7,429.2,71.0,1429.0,3986,0,
gemma4-e4b-q4.clauses,pt,300,pseudo(gemma4-26b),74.2,,203.1,310.1,420.1,45.7,227.2,339.7,429.2,68.0,1429.0,3986,0,
gemma4-e4b-q4.flores-zh,zh,500,flores,29.7,,209.1,374.4,634.6,20.4,209.6,374.8,635.2,124.0,1550.0,3816,0,
gemma4-e4b-q4.flores,de,500,flores,63.6,,425.1,695.6,1053.7,54.7,452.7,746.8,1132.7,80.0,1485.0,3986,0,
gemma4-e4b-q4.flores,es,500,flores,54.1,,401.8,676.5,1131.2,54.1,452.7,746.8,1132.7,78.0,1485.0,3986,0,
gemma4-e4b-q4.flores,fr,500,flores,69.8,,434.2,724.4,1107.1,54.4,452.7,746.8,1132.7,80.0,1485.0,3986,0,
gemma4-e4b-q4.flores,pt,500,flores,70.9,,417.8,672.6,1021.6,55.0,452.7,746.8,1132.7,78.0,1485.0,3986,0,
hymt18-q4.clauses+asr,de,300,pseudo(gemma4-26b),58.7,,289.4,455.1,622.7,30.4,327.4,513.4,623.6,66.0,659.0,1874,0,
hymt18-q4.clauses+asr,es,300,pseudo(gemma4-26b),66.6,,285.5,430.8,586.6,30.1,327.4,513.4,623.6,64.0,659.0,1874,0,
hymt18-q4.clauses+asr,fr,300,pseudo(gemma4-26b),60.3,,287.8,453.6,554.1,30.2,327.4,513.4,623.6,66.0,659.0,1874,0,
hymt18-q4.clauses+asr,pt,300,pseudo(gemma4-26b),65.1,,288.7,438.5,554.3,30.5,327.4,513.4,623.6,64.0,659.0,1874,0,
hymt18-q4.clauses,de,300,pseudo(gemma4-26b),58.7,,110.3,172.4,220.2,17.0,123.2,188.7,221.2,172.0,462.0,1874,0,
hymt18-q4.clauses,es,300,pseudo(gemma4-26b),66.6,,107.0,164.2,215.4,16.7,123.2,188.7,221.2,167.0,462.0,1874,0,
hymt18-q4.clauses,fr,300,pseudo(gemma4-26b),60.3,,109.5,173.0,202.4,16.8,123.2,188.7,221.2,171.0,462.0,1874,0,
hymt18-q4.clauses,pt,300,pseudo(gemma4-26b),65.1,,107.4,170.0,207.6,17.1,123.2,188.7,221.2,167.0,462.0,1874,0,
hymt18-q4.clauses.oneprompt,de,300,pseudo(gemma4-26b),1.1,,77.0,80.3,97.4,13.0,96.2,99.9,118.9,,296.0,1678,0,
hymt18-q4.clauses.oneprompt,es,300,pseudo(gemma4-26b),1.7,,36.4,38.3,46.6,13.0,96.2,99.9,118.9,738.0,296.0,1678,0,
hymt18-q4.clauses.oneprompt,fr,300,pseudo(gemma4-26b),2.1,,55.1,57.6,70.0,13.0,96.2,99.9,118.9,,296.0,1678,0,
hymt18-q4.clauses.oneprompt,pt,300,pseudo(gemma4-26b),2.1,,95.8,99.5,118.4,13.0,96.2,99.9,118.9,,296.0,1678,0,
hymt18-q4.clauses.single,de,300,pseudo(gemma4-26b),58.5,,67.8,106.6,148.0,8.6,269.3,408.2,544.6,277.0,309.0,1676,0,
hymt18-q4.clauses.single,es,300,pseudo(gemma4-26b),66.9,,65.8,97.5,133.4,8.5,269.3,408.2,544.6,274.0,309.0,1676,0,
hymt18-q4.clauses.single,fr,300,pseudo(gemma4-26b),60.6,,67.8,108.2,141.0,8.5,269.3,408.2,544.6,277.0,309.0,1676,0,
hymt18-q4.clauses.single,pt,300,pseudo(gemma4-26b),65.1,,65.7,101.7,132.9,8.5,269.3,408.2,544.6,275.0,309.0,1676,0,
hymt18-q4.clauses.threads,de,300,pseudo(gemma4-26b),58.5,,174.5,272.9,367.6,19.3,182.9,283.6,370.8,111.0,289.0,2620,0,
hymt18-q4.clauses.threads,es,300,pseudo(gemma4-26b),66.9,,167.7,256.9,363.3,18.8,182.9,283.6,370.8,108.0,289.0,2620,0,
hymt18-q4.clauses.threads,fr,300,pseudo(gemma4-26b),60.6,,171.8,272.7,369.9,19.1,182.9,283.6,370.8,110.0,289.0,2620,0,
hymt18-q4.clauses.threads,pt,300,pseudo(gemma4-26b),65.1,,169.9,260.7,364.0,19.3,182.9,283.6,370.8,107.0,289.0,2620,0,
hymt18-q4.cpu,de,300,,,,744.9,1129.1,1457.4,115.6,801.0,1215.9,1458.4,26.0,424.0,786,0,
hymt18-q4.cpu,es,300,,,,726.5,1089.9,1378.5,115.2,801.0,1215.9,1458.4,25.0,424.0,786,0,
hymt18-q4.cpu,fr,300,,,,743.2,1143.6,1431.0,115.4,801.0,1215.9,1458.4,26.0,424.0,786,0,
hymt18-q4.cpu,pt,300,,,,714.4,1144.5,1406.5,115.7,801.0,1215.9,1458.4,25.0,424.0,786,0,
hymt18-q4.flores-zh,zh,500,flores,28.2,,83.8,145.1,243.0,9.9,84.2,145.5,243.7,278.0,393.0,1680,0,
hymt18-q4.flores,de,500,flores,59.9,,238.3,392.8,581.0,20.8,251.4,404.6,594.2,187.0,527.0,1876,0,
hymt18-q4.flores,es,500,flores,54.2,,229.8,367.2,580.4,20.5,251.4,404.6,594.2,182.0,527.0,1876,0,
hymt18-q4.flores,fr,500,flores,64.5,,233.1,376.6,592.6,20.6,251.4,404.6,594.2,185.0,527.0,1876,0,
hymt18-q4.flores,pt,500,flores,66.9,,228.7,367.6,573.4,20.9,251.4,404.6,594.2,182.0,527.0,1876,0,
hymt18-q8.clauses+asr,de,300,pseudo(gemma4-26b),59.3,,314.0,509.0,682.2,29.8,347.7,571.8,751.6,63.0,829.0,2612,0,too-long=1
hymt18-q8.clauses+asr,es,300,pseudo(gemma4-26b),64.8,,303.0,528.7,750.8,29.5,347.7,571.8,751.6,62.0,829.0,2612,0,fragment-continued=1
hymt18-q8.clauses+asr,fr,300,pseudo(gemma4-26b),59.1,,301.3,491.5,698.4,29.7,347.7,571.8,751.6,64.0,829.0,2612,0,fragment-continued=1;too-long=1
hymt18-q8.clauses+asr,pt,300,pseudo(gemma4-26b),63.6,,291.2,489.7,698.6,30.0,347.7,571.8,751.6,62.0,829.0,2612,0,
hymt18-q8.clauses,de,300,pseudo(gemma4-26b),59.3,,120.6,187.2,257.3,16.3,135.0,211.7,268.8,165.0,681.0,2612,0,too-long=1
hymt18-q8.clauses,es,300,pseudo(gemma4-26b),64.8,,116.3,197.0,266.8,16.0,135.0,211.7,268.8,159.0,681.0,2612,0,fragment-continued=1
hymt18-q8.clauses,fr,300,pseudo(gemma4-26b),59.1,,117.4,184.9,245.0,16.2,135.0,211.7,268.8,164.0,681.0,2612,0,fragment-continued=1;too-long=1
hymt18-q8.clauses,pt,300,pseudo(gemma4-26b),63.6,,112.8,185.1,267.9,16.5,135.0,211.7,268.8,159.0,681.0,2612,0,
hymt18-q8.flores,de,500,flores,58.8,,254.6,425.7,604.5,19.9,275.2,450.7,652.0,177.0,661.0,2614,0,
hymt18-q8.flores,es,500,flores,53.9,,246.0,427.8,650.4,19.6,275.2,450.7,652.0,174.0,661.0,2614,0,
hymt18-q8.flores,fr,500,flores,63.7,,245.1,429.5,643.6,19.7,275.2,450.7,652.0,177.0,661.0,2614,0,
hymt18-q8.flores,pt,500,flores,65.1,,241.7,415.4,585.9,20.0,275.2,450.7,652.0,174.0,661.0,2614,0,
hymt7-q4.clauses+asr,de,300,pseudo(gemma4-26b),67.6,,494.7,825.6,1017.2,69.4,550.5,871.1,1038.7,35.0,855.0,5480,0,
hymt7-q4.clauses+asr,es,300,pseudo(gemma4-26b),74.3,,479.9,784.7,1016.8,69.1,550.5,871.1,1038.7,34.0,855.0,5480,0,
hymt7-q4.clauses+asr,fr,300,pseudo(gemma4-26b),68.3,,497.2,787.3,1038.1,69.2,550.5,871.1,1038.7,35.0,855.0,5480,0,
hymt7-q4.clauses+asr,pt,300,pseudo(gemma4-26b),72.4,,494.5,790.3,1005.2,69.6,550.5,871.1,1038.7,34.0,855.0,5480,0,
hymt7-q4.clauses,de,300,pseudo(gemma4-26b),67.6,,248.2,397.5,495.5,43.7,270.3,418.2,499.3,71.0,639.0,5480,0,
hymt7-q4.clauses,es,300,pseudo(gemma4-26b),74.3,,241.4,375.6,495.4,43.4,270.3,418.2,499.3,69.0,639.0,5480,0,
hymt7-q4.clauses,fr,300,pseudo(gemma4-26b),68.3,,250.6,376.3,498.7,43.5,270.3,418.2,499.3,71.0,639.0,5480,0,
hymt7-q4.clauses,pt,300,pseudo(gemma4-26b),72.4,,247.5,383.8,495.7,43.8,270.3,418.2,499.3,69.0,639.0,5480,0,
hymt7-q4.flores-zh,zh,500,flores,28.8,,208.8,387.8,632.1,21.8,209.1,388.2,632.5,116.0,656.0,5094,0,
hymt7-q4.flores,de,500,flores,63.9,,533.8,879.2,1366.0,52.6,566.2,936.6,1432.4,78.0,1047.0,5484,0,
hymt7-q4.flores,es,500,flores,55.4,,513.1,850.9,1347.1,52.3,566.2,936.6,1432.4,76.0,1047.0,5484,0,
hymt7-q4.flores,fr,500,flores,68.1,,528.0,897.3,1431.3,52.4,566.2,936.6,1432.4,78.0,1047.0,5484,0,
hymt7-q4.flores,pt,500,flores,70.4,,523.1,846.5,1366.2,52.7,566.2,936.6,1432.4,76.0,1047.0,5484,0,
m2m12b.clauses+asr,de,300,pseudo(gemma4-26b),57.6,,146.0,230.2,292.8,,146.0,230.2,292.8,,1212.0,3406,0,
m2m12b.clauses+asr,es,300,pseudo(gemma4-26b),61.0,,146.0,230.2,292.8,,146.0,230.2,292.8,,1212.0,3406,0,
m2m12b.clauses+asr,fr,300,pseudo(gemma4-26b),56.5,,146.0,230.2,292.8,,146.0,230.2,292.8,,1212.0,3406,0,commentary=1
m2m12b.clauses+asr,pt,300,pseudo(gemma4-26b),59.3,,146.0,230.2,292.8,,146.0,230.2,292.8,,1212.0,3406,0,
m2m12b.clauses,de,300,pseudo(gemma4-26b),57.6,,85.4,131.4,157.0,,85.4,131.4,157.0,,919.0,3406,0,
m2m12b.clauses,es,300,pseudo(gemma4-26b),61.0,,85.4,131.4,157.0,,85.4,131.4,157.0,,919.0,3406,0,
m2m12b.clauses,fr,300,pseudo(gemma4-26b),56.5,,85.4,131.4,157.0,,85.4,131.4,157.0,,919.0,3406,0,commentary=1
m2m12b.clauses,pt,300,pseudo(gemma4-26b),59.3,,85.4,131.4,157.0,,85.4,131.4,157.0,,919.0,3406,0,
m2m12b.flores,de,500,flores,59.2,,187.8,306.2,508.7,,187.8,306.2,508.7,,1008.0,3406,0,
m2m12b.flores,es,500,flores,51.7,,187.8,306.2,508.7,,187.8,306.2,508.7,,1008.0,3406,0,
m2m12b.flores,fr,500,flores,65.5,,187.8,306.2,508.7,,187.8,306.2,508.7,,1008.0,3406,0,
m2m12b.flores,pt,500,flores,66.9,,187.8,306.2,508.7,,187.8,306.2,508.7,,1008.0,3406,0,
m2m418.clauses+asr,de,300,pseudo(gemma4-26b),50.8,,69.7,116.4,162.9,,69.7,116.4,162.9,,603.0,1358,0,
m2m418.clauses+asr,es,300,pseudo(gemma4-26b),55.3,,69.7,116.4,162.9,,69.7,116.4,162.9,,603.0,1358,0,too-long=1
m2m418.clauses+asr,fr,300,pseudo(gemma4-26b),52.0,,69.7,116.4,162.9,,69.7,116.4,162.9,,603.0,1358,0,too-long=2
m2m418.clauses+asr,pt,300,pseudo(gemma4-26b),55.1,,69.7,116.4,162.9,,69.7,116.4,162.9,,603.0,1358,0,
m2m418.clauses,de,300,pseudo(gemma4-26b),50.8,,39.6,62.7,86.9,,39.6,62.7,86.9,,490.0,1358,0,
m2m418.clauses,es,300,pseudo(gemma4-26b),55.3,,39.6,62.7,86.9,,39.6,62.7,86.9,,490.0,1358,0,too-long=1
m2m418.clauses,fr,300,pseudo(gemma4-26b),52.0,,39.6,62.7,86.9,,39.6,62.7,86.9,,490.0,1358,0,too-long=2
m2m418.clauses,pt,300,pseudo(gemma4-26b),55.1,,39.6,62.7,86.9,,39.6,62.7,86.9,,490.0,1358,0,
m2m418.clauses.split,de,300,pseudo(gemma4-26b),50.9,,63.4,155.3,226.5,36.5,141.0,215.4,268.9,240.0,482.0,1358,2,
m2m418.clauses.split,es,300,pseudo(gemma4-26b),55.7,,85.3,191.7,268.8,54.0,141.0,215.4,268.9,185.0,482.0,1358,2,capped:max_tokens=1
m2m418.clauses.split,fr,300,pseudo(gemma4-26b),52.4,,94.9,197.2,260.8,63.6,141.0,215.4,268.9,181.0,482.0,1358,2,capped:max_tokens=1
m2m418.clauses.split,pt,300,pseudo(gemma4-26b),54.9,,80.3,172.2,259.4,52.9,141.0,215.4,268.9,194.0,482.0,1358,2,
m2m418.cpu,de,300,,,,311.6,514.0,1125.1,33.4,1241.5,1943.3,2423.9,56.0,563.0,,2,
m2m418.cpu,es,300,,,,304.1,483.5,1234.3,33.4,1241.5,1943.3,2423.9,56.0,563.0,,2,
m2m418.cpu,fr,300,,,,317.5,510.1,681.0,33.5,1241.5,1943.3,2423.9,57.0,563.0,,2,
m2m418.cpu,pt,300,,,,292.2,484.6,619.8,33.6,1241.5,1943.3,2423.9,56.0,563.0,,2,
m2m418.flores-zh,zh,500,flores,20.0,,64.0,116.0,432.9,,64.0,116.0,432.9,,508.0,1358,0,
m2m418.flores,de,500,flores,52.9,,87.5,147.1,249.9,,87.5,147.1,249.9,,516.0,1358,0,
m2m418.flores,es,500,flores,49.0,,87.5,147.1,249.9,,87.5,147.1,249.9,,516.0,1358,0,
m2m418.flores,fr,500,flores,60.7,,87.5,147.1,249.9,,87.5,147.1,249.9,,516.0,1358,0,
m2m418.flores,pt,500,flores,62.8,,87.5,147.1,249.9,,87.5,147.1,249.9,,516.0,1358,0,
madlad3b.clauses+asr,de,300,pseudo(gemma4-26b),65.2,,267.8,414.0,654.4,,267.8,414.0,654.4,,7688.0,6706,0,fragment-continued=1
madlad3b.clauses+asr,es,300,pseudo(gemma4-26b),72.6,,267.8,414.0,654.4,,267.8,414.0,654.4,,7688.0,6706,0,
madlad3b.clauses+asr,fr,300,pseudo(gemma4-26b),69.1,,267.8,414.0,654.4,,267.8,414.0,654.4,,7688.0,6706,0,
madlad3b.clauses+asr,pt,300,pseudo(gemma4-26b),69.0,,267.8,414.0,654.4,,267.8,414.0,654.4,,7688.0,6706,0,
madlad3b.clauses,de,300,pseudo(gemma4-26b),65.2,,143.6,231.1,363.6,,143.6,231.1,363.6,,7173.0,6706,0,fragment-continued=1
madlad3b.clauses,es,300,pseudo(gemma4-26b),72.6,,143.6,231.1,363.6,,143.6,231.1,363.6,,7173.0,6706,0,
madlad3b.clauses,fr,300,pseudo(gemma4-26b),69.1,,143.6,231.1,363.6,,143.6,231.1,363.6,,7173.0,6706,0,
madlad3b.clauses,pt,300,pseudo(gemma4-26b),69.0,,143.6,231.1,363.6,,143.6,231.1,363.6,,7173.0,6706,0,
madlad3b.flores-zh,zh,500,flores,26.9,,237.0,413.8,713.8,,237.0,413.8,713.8,,8246.0,6706,0,
madlad3b.flores,de,500,flores,64.4,,324.0,545.8,888.4,,324.0,545.8,888.4,,7211.0,6706,0,
madlad3b.flores,es,500,flores,54.6,,324.0,545.8,888.4,,324.0,545.8,888.4,,7211.0,6706,0,
madlad3b.flores,fr,500,flores,70.0,,324.0,545.8,888.4,,324.0,545.8,888.4,,7211.0,6706,0,
madlad3b.flores,pt,500,flores,70.5,,324.0,545.8,888.4,,324.0,545.8,888.4,,7211.0,6706,0,
opus.clauses+asr,de,300,pseudo(gemma4-26b),60.4,,31.7,54.3,67.9,3.1,37.3,60.8,77.0,425.0,854.0,1542,0,
opus.clauses+asr,es,300,pseudo(gemma4-26b),67.7,,31.0,52.8,65.6,3.1,37.3,60.8,77.0,424.0,854.0,1542,0,
opus.clauses+asr,fr,300,pseudo(gemma4-26b),62.0,,34.1,56.4,77.0,3.1,37.3,60.8,77.0,428.0,854.0,1542,0,
opus.clauses+asr,pt,300,pseudo(gemma4-26b),64.5,,34.5,59.4,76.0,4.9,37.3,60.8,77.0,378.0,854.0,1542,0,
opus.clauses,de,300,pseudo(gemma4-26b),60.4,,18.3,29.8,42.3,2.1,21.1,33.3,45.1,740.0,624.0,1574,0,
opus.clauses,es,300,pseudo(gemma4-26b),67.7,,18.2,29.5,41.3,2.1,21.1,33.3,45.1,735.0,624.0,1574,0,
opus.clauses,fr,300,pseudo(gemma4-26b),62.0,,19.6,31.1,45.0,2.1,21.1,33.3,45.1,750.0,624.0,1574,0,
opus.clauses,pt,300,pseudo(gemma4-26b),64.5,,20.1,32.9,44.4,2.5,21.1,33.3,45.1,657.0,624.0,1574,0,
opus.clauses.split,de,300,pseudo(gemma4-26b),61.0,,18.8,30.8,43.2,2.1,21.4,33.9,45.4,729.0,631.0,1574,0,
opus.clauses.split,es,300,pseudo(gemma4-26b),68.3,,18.7,31.0,41.8,2.1,21.4,33.9,45.4,720.0,631.0,1574,0,
opus.clauses.split,fr,300,pseudo(gemma4-26b),62.5,,19.8,31.3,45.3,2.1,21.4,33.9,45.4,746.0,631.0,1574,0,
opus.clauses.split,pt,300,pseudo(gemma4-26b),64.8,,20.6,33.8,44.8,2.5,21.4,33.9,45.4,649.0,631.0,1574,0,
opus.cpu,de,300,,,,125.0,202.6,265.6,14.8,206.3,346.7,472.0,111.0,732.0,,0,
opus.cpu,es,300,,,,127.0,212.6,282.1,14.9,206.3,346.7,472.0,107.0,732.0,,0,
opus.cpu,fr,300,,,,130.5,212.1,313.9,14.6,206.3,346.7,472.0,113.0,732.0,,0,
opus.cpu,pt,300,,,,206.3,346.7,472.0,38.6,206.3,346.7,472.0,63.0,732.0,,0,
opus.flores-zh,zh,500,flores,21.3,,17.7,32.7,72.8,1.3,17.7,32.7,72.8,1308.0,232.0,462,0,
opus.flores,de,500,flores,60.5,,40.7,67.8,110.1,2.2,45.4,76.4,121.0,728.0,622.0,1574,0,
opus.flores,es,500,flores,52.8,,41.3,70.3,114.2,2.2,45.4,76.4,121.0,732.0,622.0,1574,0,
opus.flores,fr,500,flores,66.8,,43.9,74.2,117.3,2.2,45.4,76.4,121.0,751.0,622.0,1574,0,
opus.flores,pt,500,flores,70.4,,43.8,74.5,121.0,2.6,45.4,76.4,121.0,658.0,622.0,1574,0,
opus.flores.split,de,500,flores,60.5,,39.2,67.6,113.8,2.2,44.4,75.1,126.6,751.0,563.0,1574,0,
opus.flores.split,es,500,flores,52.7,,40.2,68.2,117.7,2.2,44.4,75.1,126.6,748.0,563.0,1574,0,
opus.flores.split,fr,500,flores,66.9,,42.5,73.6,122.0,2.2,44.4,75.1,126.6,771.0,563.0,1574,0,
opus.flores.split,pt,500,flores,70.4,,42.2,71.6,126.6,2.7,44.4,75.1,126.6,675.0,563.0,1574,0,
qwen35-2b-q4.clauses+asr,de,300,pseudo(gemma4-26b),53.5,,306.3,475.5,621.5,47.6,327.5,510.7,622.2,50.0,853.0,2140,0,fragment-continued=2
qwen35-2b-q4.clauses+asr,es,300,pseudo(gemma4-26b),61.4,,286.6,463.5,576.8,47.0,327.5,510.7,622.2,48.0,853.0,2140,0,
qwen35-2b-q4.clauses+asr,fr,300,pseudo(gemma4-26b),57.7,,303.0,467.4,574.8,47.3,327.5,510.7,622.2,50.0,853.0,2140,0,
qwen35-2b-q4.clauses+asr,pt,300,pseudo(gemma4-26b),59.2,,289.1,463.8,584.6,47.9,327.5,510.7,622.2,48.0,853.0,2140,0,fragment-continued=1
qwen35-2b-q4.clauses,de,300,pseudo(gemma4-26b),53.5,,118.1,186.4,225.6,27.0,127.4,197.6,227.6,123.0,727.0,2140,0,fragment-continued=2
qwen35-2b-q4.clauses,es,300,pseudo(gemma4-26b),61.4,,114.3,183.9,221.3,26.4,127.4,197.6,227.6,120.0,727.0,2140,0,
qwen35-2b-q4.clauses,fr,300,pseudo(gemma4-26b),57.7,,118.6,182.7,227.0,26.7,127.4,197.6,227.6,124.0,727.0,2140,0,
qwen35-2b-q4.clauses,pt,300,pseudo(gemma4-26b),59.2,,112.4,180.4,223.9,27.3,127.4,197.6,227.6,119.0,727.0,2140,0,fragment-continued=1
qwen35-2b-q4.flores,de,500,flores,53.7,,225.6,369.5,622.1,29.7,242.2,399.2,688.3,148.0,615.0,2140,0,
qwen35-2b-q4.flores,es,500,flores,51.2,,222.5,372.5,609.3,29.1,242.2,399.2,688.3,145.0,615.0,2140,0,
qwen35-2b-q4.flores,fr,500,flores,61.7,,236.8,389.8,687.2,29.4,242.2,399.2,688.3,149.0,615.0,2140,0,
qwen35-2b-q4.flores,pt,500,flores,63.1,,218.8,365.7,683.2,30.0,242.2,399.2,688.3,144.0,615.0,2140,0,
qwen35-4b-q4.clauses+asr,de,300,pseudo(gemma4-26b),64.3,,455.3,700.6,925.1,94.4,494.5,758.9,979.6,32.0,1266.0,3740,0,
qwen35-4b-q4.clauses+asr,es,300,pseudo(gemma4-26b),69.7,,444.0,699.7,949.5,93.8,494.5,758.9,979.6,31.0,1266.0,3740,0,
qwen35-4b-q4.clauses+asr,fr,300,pseudo(gemma4-26b),66.0,,463.5,720.4,970.0,94.1,494.5,758.9,979.6,32.0,1266.0,3740,0,
qwen35-4b-q4.clauses+asr,pt,300,pseudo(gemma4-26b),68.8,,437.2,702.8,978.9,94.7,494.5,758.9,979.6,31.0,1266.0,3740,0,
qwen35-4b-q4.clauses,de,300,pseudo(gemma4-26b),64.3,,215.4,326.9,402.9,55.3,230.9,349.8,437.4,69.0,907.0,3740,0,
qwen35-4b-q4.clauses,es,300,pseudo(gemma4-26b),69.7,,207.3,314.7,413.9,54.8,230.9,349.8,437.4,67.0,907.0,3740,0,
qwen35-4b-q4.clauses,fr,300,pseudo(gemma4-26b),66.0,,217.7,324.9,428.1,55.0,230.9,349.8,437.4,69.0,907.0,3740,0,
qwen35-4b-q4.clauses,pt,300,pseudo(gemma4-26b),68.8,,206.1,324.8,436.7,55.6,230.9,349.8,437.4,67.0,907.0,3740,0,
qwen35-4b-q4.clauses.oneprompt,de,300,pseudo(gemma4-26b),62.8,,346.7,510.2,635.1,29.4,446.6,671.8,849.9,,579.0,3494,0,fragment-continued=1
qwen35-4b-q4.clauses.oneprompt,es,300,pseudo(gemma4-26b),68.9,,126.1,180.9,248.3,29.4,446.6,671.8,849.9,526.0,579.0,3494,0,
qwen35-4b-q4.clauses.oneprompt,fr,300,pseudo(gemma4-26b),64.8,,236.8,354.1,455.0,29.4,446.6,671.8,849.9,,579.0,3494,0,
qwen35-4b-q4.clauses.oneprompt,pt,300,pseudo(gemma4-26b),65.9,,446.3,671.4,849.5,29.4,446.6,671.8,849.9,,579.0,3494,0,
qwen35-4b-q4.clauses.single,de,300,pseudo(gemma4-26b),64.2,,117.9,182.8,239.4,23.0,462.3,704.7,885.9,127.0,961.0,3494,0,
qwen35-4b-q4.clauses.single,es,300,pseudo(gemma4-26b),69.5,,111.6,171.4,223.5,22.9,462.3,704.7,885.9,125.0,961.0,3494,0,
qwen35-4b-q4.clauses.single,fr,300,pseudo(gemma4-26b),66.1,,118.9,181.6,239.0,23.0,462.3,704.7,885.9,127.0,961.0,3494,0,
qwen35-4b-q4.clauses.single,pt,300,pseudo(gemma4-26b),68.6,,110.1,180.9,218.5,23.0,462.3,704.7,885.9,125.0,961.0,3494,0,
qwen35-4b-q4.clauses.threads,de,300,pseudo(gemma4-26b),64.2,,332.2,521.9,655.0,63.7,346.1,535.5,665.0,44.0,551.0,5302,0,
qwen35-4b-q4.clauses.threads,es,300,pseudo(gemma4-26b),69.5,,322.1,492.6,643.0,63.4,346.1,535.5,665.0,43.0,551.0,5302,0,
qwen35-4b-q4.clauses.threads,fr,300,pseudo(gemma4-26b),66.1,,332.7,508.7,664.4,63.7,346.1,535.5,665.0,45.0,551.0,5302,0,
qwen35-4b-q4.clauses.threads,pt,300,pseudo(gemma4-26b),68.6,,316.8,517.0,646.1,63.8,346.1,535.5,665.0,43.0,551.0,5302,0,
qwen35-4b-q4.flores-zh,zh,500,flores,31.3,,169.3,294.7,578.6,25.4,169.7,295.1,579.0,137.0,929.0,3494,0,
qwen35-4b-q4.flores,de,500,flores,60.3,,421.7,695.1,1050.6,63.0,454.5,742.1,1222.0,80.0,943.0,3740,1,
qwen35-4b-q4.flores,es,500,flores,53.4,,419.5,670.4,1220.9,62.4,454.5,742.1,1222.0,79.0,943.0,3740,1,
qwen35-4b-q4.flores,fr,500,flores,66.9,,438.9,712.3,1207.4,62.7,454.5,742.1,1222.0,81.0,943.0,3740,1,
qwen35-4b-q4.flores,pt,500,flores,68.4,,414.3,657.6,1181.6,63.3,454.5,742.1,1222.0,78.0,943.0,3740,1,
qwen35-4b-q8.clauses+asr,de,300,pseudo(gemma4-26b),64.4,,475.4,759.7,906.0,90.8,524.1,834.8,1007.5,31.0,1585.0,5400,0,
qwen35-4b-q8.clauses+asr,es,300,pseudo(gemma4-26b),70.1,,470.5,760.8,953.7,90.2,524.1,834.8,1007.5,30.0,1585.0,5400,0,
qwen35-4b-q8.clauses+asr,fr,300,pseudo(gemma4-26b),66.6,,488.8,765.3,1006.9,90.5,524.1,834.8,1007.5,31.0,1585.0,5400,0,
qwen35-4b-q8.clauses+asr,pt,300,pseudo(gemma4-26b),69.6,,460.2,756.4,958.9,91.1,524.1,834.8,1007.5,30.0,1585.0,5400,0,
qwen35-4b-q8.clauses,de,300,pseudo(gemma4-26b),64.4,,230.3,352.8,422.8,53.3,244.9,378.4,447.1,65.0,1279.0,5400,0,
qwen35-4b-q8.clauses,es,300,pseudo(gemma4-26b),70.1,,222.2,343.2,428.3,52.7,244.9,378.4,447.1,63.0,1279.0,5400,0,
qwen35-4b-q8.clauses,fr,300,pseudo(gemma4-26b),66.6,,232.6,357.5,446.1,53.0,244.9,378.4,447.1,65.0,1279.0,5400,0,
qwen35-4b-q8.clauses,pt,300,pseudo(gemma4-26b),69.6,,220.6,343.8,446.4,53.6,244.9,378.4,447.1,63.0,1279.0,5400,0,
qwen35-4b-q8.flores,de,500,flores,60.8,,455.8,783.2,1246.2,61.0,498.5,822.8,1347.1,74.0,1358.0,5400,0,
qwen35-4b-q8.flores,es,500,flores,53.6,,451.2,738.4,1346.1,60.4,498.5,822.8,1347.1,72.0,1358.0,5400,0,
qwen35-4b-q8.flores,fr,500,flores,67.0,,478.2,782.9,1336.8,60.7,498.5,822.8,1347.1,74.0,1358.0,5400,0,
qwen35-4b-q8.flores,pt,500,flores,68.2,,452.1,739.1,1305.0,61.3,498.5,822.8,1347.1,72.0,1358.0,5400,0,
tgemma4b-q4.clauses+asr,de,300,pseudo(gemma4-26b),56.9,,440.5,714.2,901.4,83.3,507.6,804.5,1336.7,35.0,1141.0,3738,0,
tgemma4b-q4.clauses+asr,es,300,pseudo(gemma4-26b),61.7,,412.0,682.7,1068.2,82.7,507.6,804.5,1336.7,33.0,1141.0,3738,0,fragment-continued=1;too-long=1
tgemma4b-q4.clauses+asr,fr,300,pseudo(gemma4-26b),59.3,,468.3,727.9,1334.9,83.0,507.6,804.5,1336.7,34.0,1141.0,3738,0,fragment-continued=1
tgemma4b-q4.clauses+asr,pt,300,pseudo(gemma4-26b),61.5,,436.7,713.5,1068.9,83.6,507.6,804.5,1336.7,33.0,1141.0,3738,0,
tgemma4b-q4.clauses,de,300,pseudo(gemma4-26b),56.9,,183.1,280.5,361.7,47.5,203.6,312.4,480.7,85.0,824.0,3738,0,
tgemma4b-q4.clauses,es,300,pseudo(gemma4-26b),61.7,,170.2,270.4,396.7,46.9,203.6,312.4,480.7,81.0,824.0,3738,0,fragment-continued=1;too-long=1
tgemma4b-q4.clauses,fr,300,pseudo(gemma4-26b),59.3,,191.9,284.6,479.0,47.2,203.6,312.4,480.7,85.0,824.0,3738,0,fragment-continued=1
tgemma4b-q4.clauses,pt,300,pseudo(gemma4-26b),61.5,,180.5,287.3,397.3,47.8,203.6,312.4,480.7,81.0,824.0,3738,0,
tgemma4b-q4.flores,de,500,flores,58.7,,363.3,594.6,931.0,52.0,395.0,631.9,1022.2,98.0,847.0,3746,0,
tgemma4b-q4.flores,es,500,flores,53.7,,351.0,591.9,999.8,51.4,395.0,631.9,1022.2,95.0,847.0,3746,0,
tgemma4b-q4.flores,fr,500,flores,63.6,,373.3,615.7,1020.0,51.7,395.0,631.9,1022.2,98.0,847.0,3746,0,
tgemma4b-q4.flores,pt,500,flores,64.2,,364.6,598.2,1000.4,52.3,395.0,631.9,1022.2,95.0,847.0,3746,0,
