t_s,rss_multi_mb,rss_asr_mb,rss_mt_mb,gpu_mem_mb
0,18,1231,874,6173
60,63,1234,875,6173
120,63,1234,875,6202
180,63,1234,875,6202
240,63,1234,875,6202
300,63,1234,875,6202
360,63,1234,875,6202
420,63,1234,875,6202
480,63,1234,876,6156
540,63,1234,876,6263
600,63,1234,876,6243
660,63,1234,876,6517
720,63,1235,876,6412
780,63,1235,876,6412
840,63,1235,876,6408
901,63,1235,876,6408
961,63,1235,876,6408
1021,63,1234,875,6404
1081,63,1234,875,6404
1141,63,1233,875,6005
1201,63,1234,875,6005
1261,63,1234,875,6005
1321,63,1234,875,6005
1381,63,1234,875,6005
1441,63,1234,875,6005
1501,63,1234,875,6005
1561,63,1234,875,6005
1621,63,1234,875,6225
1681,63,1234,875,6225
1741,63,1234,875,6225
1801,63,1234,875,6225
1861,63,1234,875,6225
1922,63,1234,875,6225
1982,63,1234,875,6225
2042,63,1234,875,6113
2102,63,1234,875,6113
2162,63,1234,875,6113
2222,63,1234,875,6113
2282,63,1234,875,6113
2342,63,1234,875,6113
2402,63,1234,875,6113
2462,63,1234,875,6113
2522,63,1234,875,6113
2582,63,1234,875,6113
2642,63,1234,875,6113
2702,63,1234,875,6113
2762,63,1234,875,6113
2823,63,1234,875,6113
2883,63,1234,875,6113
2943,63,1234,875,6113
3003,63,1234,875,6113
3063,63,1234,875,6113
3123,63,1234,875,6113
3183,63,1234,875,6113
3243,63,1234,875,6113
3303,63,1234,875,6113
3363,63,1234,875,6113
3423,63,1234,875,6113
3483,63,1234,875,6113
3543,63,1234,875,6113
3603,63,1213,875,6089
3663,63,1215,875,6089
3724,63,1216,875,6089
3784,63,1216,875,6089
3844,63,1216,875,6089
3904,63,1216,875,6089
3964,63,1216,875,6089
4024,63,1216,875,6089
4084,63,1216,875,6089
4144,63,1216,875,6089
4204,63,1216,875,6089
4264,63,1216,875,6089
4324,63,1216,875,6089
4384,63,1216,875,6089
4444,63,1216,875,6089
4504,63,1216,875,6089
4564,63,1216,875,6089
4624,63,1216,875,6089
4685,63,1216,875,6089
4745,63,1216,875,6089
4805,63,1216,875,6089
4865,63,1216,875,6089
4925,63,1216,875,6089
4985,63,1216,875,6089
5045,63,1216,875,6089
5105,63,1216,875,6089
5165,63,1216,875,6089
5225,63,1216,875,6089
5285,63,1216,875,6089
5345,63,1216,875,6089
5405,63,1216,875,6089
5465,63,1216,875,6089
5525,63,1216,875,6089
5585,63,1216,875,6089
5646,63,1216,875,6089
5706,63,1216,875,6089
5766,63,1216,875,6089
5826,63,1216,875,6089
5886,63,1216,875,6089
5946,63,1216,875,6089
6006,63,1216,875,6089
6066,63,1216,875,6089
6126,63,1216,875,6089
6186,63,1216,875,6089
6246,63,1216,875,6089
6306,63,1216,875,6089
6366,63,1216,875,6089
6426,63,1216,875,6089
6486,63,1216,875,6089
6546,63,1216,875,6089
6607,63,1216,875,6089
6667,63,1216,875,6089
6727,63,1216,875,6089
6787,63,1216,875,6089
6847,63,1216,875,6089
6907,63,1216,875,6089
6967,63,1216,875,6089
7027,63,1216,875,6089
7087,63,1216,875,6089
7147,63,1216,875,6089
7207,63,1216,863,6089
7267,63,1216,863,6089
7327,63,1216,864,6089
7387,63,1216,864,6089
7447,63,1216,864,6089
7507,63,1216,864,6089
7568,63,1216,864,6089
7628,63,1216,864,6089
7688,63,1216,864,6089
7748,63,1216,864,6089
7808,63,1216,864,6089
7868,63,1216,864,6089
7928,63,1216,864,6089
7988,63,1216,864,6089
8048,63,1216,864,6089
8108,63,1216,864,6089
8168,63,1216,864,6089
8228,63,1216,865,6089
8288,63,1216,865,6089
8348,63,1216,865,6089
8408,63,1216,865,6089
8468,63,1216,865,6089
8529,63,1216,865,6089
8589,63,1216,865,6089
8649,63,1216,865,6089
8709,63,1216,865,6089
8769,63,1216,865,6089
8829,63,1216,865,6089
8889,63,1216,865,6089
8949,63,1216,865,6089
9009,63,1216,865,6089
9069,63,1216,865,6089
9129,63,1216,865,6089
9189,63,1216,865,6089
9249,63,1216,865,6089
9309,63,1216,865,6089
9369,63,1216,865,6089
9430,63,1216,865,6089
9490,63,1216,865,6089
9550,63,1216,865,6089
9610,63,1216,865,6089
9670,63,1216,865,6089
9730,63,1216,865,6089
9790,63,1216,865,6089
9850,63,1216,865,6089
9910,63,1216,865,6089
9970,63,1216,865,6089
10030,63,1216,865,6089
10090,63,1216,865,6089
10150,63,1216,865,6089
10210,63,1216,865,6089
10270,63,1216,865,6089
10330,63,1216,865,6089
10390,63,1216,865,6089
10451,63,1216,865,6089
10511,63,1216,865,6089
10571,63,1216,865,6089
10631,63,1216,865,6089
10691,63,1216,865,6089
10751,63,1216,865,6089
10811,63,1216,865,6089
10871,63,1216,865,6089
10931,63,1216,865,6089
10991,63,1216,865,6089
11051,63,1216,865,6089
11111,63,1216,865,6089
11171,63,1216,865,6089
11231,63,1216,865,6089
11291,63,1216,865,6089
11352,63,1216,865,6089
11412,63,1216,865,6089
11472,63,1216,865,6089
11532,63,1216,865,6089
11592,63,1216,865,6089
11652,63,1216,865,6089
11712,63,1216,865,6089
11772,63,1216,865,6089
11832,63,1216,865,6089
11892,63,1216,865,6089
11952,63,1216,865,6089
12012,63,1216,865,6089
12072,63,1216,865,6089
12132,63,1216,865,6089
12192,63,1216,865,6089
12252,63,1216,865,6089
12313,63,1216,865,6089
12373,63,1216,865,6089
12433,63,1216,865,6089
12493,63,1216,865,6089
12553,63,1216,865,6089
12613,63,1216,865,6089
12673,63,1216,865,6089
12733,63,1216,865,6089
12793,63,1216,865,6089
12853,63,1216,865,6089
12913,63,1216,865,6089
12973,63,1216,865,6089
13033,63,1216,865,6089
13093,63,1216,865,6089
13153,63,1216,865,6089
13213,63,1216,865,6089
13274,63,1216,865,6089
13334,63,1216,865,6089
13394,63,1216,865,6089
13454,63,1216,865,6089
13514,63,1216,865,6089
13574,63,1216,865,6089
13634,63,1216,865,6089
13694,63,1216,865,6089
13754,63,1216,865,6089
13814,63,1216,865,6089
13874,63,1216,865,6089
13934,63,1216,865,6089
13994,63,1216,865,6089
14054,63,1216,865,6089
14114,63,1216,865,6089
14174,63,1216,865,6089
14235,63,1216,865,6089
14295,63,1216,865,6089
14355,63,1216,865,6089
