# MLS test (facebook/multilingual_librispeech, CC-BY-4.0), ~5 min/lang, 16 kHz mono. 2026-09-28, RTX 3090, flock /tmp/multi-gpu.lock
# tool: spikes/target/release/s4-asr batch (chunked streaming, same engines as M0 S4); WER: spikes/s4-asr/scripts/wer.py --lang xx (Whisper BasicTextNormalizer)
# nem = Nemotron 3.5 streaming 560ms fp32 --lang xx; nemauto = same, --lang auto; wh = whisper large-v3-turbo ggml, LocalAgreement-2, chunk 1000 ms, greedy
lang	engine	utts	audio_s	rtf	wer	sub	del	ins	n_ref
es	nem	20	303	0.024	6.53	32	6	10	735
es	nemauto	20	303	0.024	6.94	37	4	10	735
es	wh	20	303	0.113	5.17	23	3	12	735
fr	nem	21	310	0.025	9.94	66	12	10	885
fr	nemauto	21	310	0.024	9.94	65	12	11	885
fr	wh	21	310	0.116	8.14	51	12	9	885
de	nem	20	308	0.024	10.4	46	20	5	683
de	nemauto	20	308	0.024	11.13	62	9	5	683
de	wh	20	308	0.113	6.15	35	1	6	683
pt	nem	20	311	0.024	6.45	32	10	4	713
pt	nemauto	20	311	0.024	6.87	34	11	4	713
pt	wh	20	311	0.112	8.84	42	7	14	713
# utterance ids
es: 11266_10604_000000 11266_10604_000001 11266_10604_000002 12249_11991_000027 12249_11991_000028 12249_11991_000029 12525_11991_000076 12525_11991_000077 12525_11991_000078 4096_1378_000066 4096_1378_000067 4096_1378_000068 3471_1378_000100 3471_1378_000101 3471_1378_000102 3468_1378_000088 3468_1378_000089 3468_1378_000090 4747_2162_000005 4747_2162_000006
fr: 1406_1028_000000 1406_1028_000001 1406_1028_000002 12977_10625_000027 12977_10625_000028 12977_10625_000029 10179_11051_000018 10179_11051_000019 10179_11051_000020 12080_11650_000011 12080_11650_000012 12080_11650_000013 2154_1167_000001 2154_1167_000002 2154_1167_000003 2085_1565_000074 2085_1565_000075 2085_1565_000076 2223_1745_000037 2223_1745_000038 2223_1745_000039
de: 4705_13109_000000 1054_1599_000018 1054_1599_000074 2252_1599_000048 1844_1599_000007 3588_1614_000041 3588_1614_000097 3052_2124_000036 3363_2124_000000 3363_2124_000056 3363_2124_000112 3040_2130_000048 278_2431_000045 278_2431_000101 4748_2620_000035 4748_2620_000091 4911_3957_000003 4911_3957_000059 4911_3957_000115 4739_3957_000050
pt: 11247_10229_000000 11247_10229_000014 11247_10229_000028 12626_10229_000006 12626_10229_000020 12626_10229_000034 12114_10229_000005 12114_10229_000019 12114_10229_000033 12287_12742_000012 12287_12742_000026 12287_12742_000040 12670_13396_000005 12670_13396_000019 12670_13396_000033 13063_13511_000000 13063_13511_000014 13063_13511_000028 3050_2941_000011 3050_2941_000025
