2.815	2220	2300	Da
3.375	2620	2700	der
3.935	2940	3020	Weg
3.935	3260	3340	unter
4.496	3500	3660	seinem
5.056	3820	4460	abspringenden
5.614	4540	4860	Fuß
6.175	5020	5100	weiter
6.735	5580	6220	raste,
7.295	6460	7020	schwankte
7.854	7100	7180	er
8.416	7420	7500	und
8.416	7740	7980	fiel
8.974	7980	8140	gerade
8.974	8380	8460	vor
9.535	8540	8620	dem
10.095	8860	9500	Grabhügel
10.654	9660	9820	ins
11.214	9980	10140	Knie
11.778	11180	11180	.
11.778	11180	11420	Zwei
12.336	11420	11660	Männer
12.336	11820	11980	standen
12.895	12060	12300	hinter
12.895	12300	12380	dem
13.456	12540	12780	Grab
13.456	12860	12940	und
14.015	12940	13340	hielten
14.015	13500	13660	zwischen
14.573	13740	13820	sich
15.696	14620	14860	einen
16.257	15020	15420	Grabstein
16.257	15580	15660	in
16.257	15740	15820	die
16.814	15820	15980	Luft
18.797	18120	18360	kümmert
18.797	18360	18440	sich
19.356	18520	18600	nicht
19.356	18680	18760	um
19.914	18920	19240	Mädchen
21.036	20360	20440	und
21.036	20520	20840	wird
22.156	20840	21160	trotzdem
22.715	21480	21800	niemals
22.715	22040	22200	seine
23.275	22280	22600	gute
23.835	22680	23000	Laune
24.395	23160	23400	verlieren
29.676	28520	28600	Mein
29.676	29080	29320	achter
30.234	29320	29560	Sohn
30.795	29640	29720	ist
30.795	30120	30200	ein
31.914	30360	31240	Schmerzenskind
33.036	32280	32360	und
33.036	32360	32440	ich
33.594	32520	32760	weiß
34.154	33080	33160	eigentlich
35.837	34600	34760	keinen
35.837	35160	35240	Grund
36.394	35240	35480	dafür
39.515	38840	38920	Ich
39.515	38920	39000	habe
40.077	39160	39320	einer
40.638	39400	40120	Schusterwerkstatt
40.638	40200	40280	auf
40.638	40280	40360	dem
41.196	40440	40680	Platz
41.196	40760	40840	vor
41.757	40920	41000	dem
42.876	41080	41880	kaiserlichen
43.435	42200	42440	Palast
43.995	42920	43160	kaum
43.995	43320	43640	öffne
44.556	43720	43800	ich
44.556	43960	44040	da
45.116	44120	44840	morgendlämmer
45.676	44920	45000	um
45.676	45080	45240	meinen
46.235	45320	45560	Laden
46.796	46200	46440	sehe
46.796	46440	46520	ich
47.355	46520	46600	schön
47.355	46760	46840	die
48.476	47000	47480	Eingänge
48.476	47800	47960	aller
49.033	48120	48200	hier
51.137	50460	50620	Während
51.137	50700	50780	der
51.695	50860	51020	vielen
52.256	51100	51260	Jahre
52.818	51580	52140	beobachtete
52.818	52220	52300	der
52.818	52300	52460	Mann
53.376	52540	52620	den
53.934	52700	53180	Türhüter
54.496	53340	53500	fast
55.053	53820	54220	ununterbrochen
56.175	55580	55580	.
56.175	55660	55740	Er
56.735	55900	56300	vergißt
57.296	56380	56460	die
57.296	56620	56780	anderen
58.415	56860	57900	Türhüter,
58.415	57820	57900	und
58.975	57980	58220	dieser
59.535	58380	58620	erste
59.535	58860	59020	scheint
60.095	59100	59180	ihm
60.095	59420	59500	das
60.655	59500	59820	einzige
61.215	60060	60460	Hindernis
61.215	60540	60620	für
61.215	60700	60780	den
61.776	60860	61340	Eintritt
61.776	61340	61420	in
62.335	61500	61580	das
62.894	61740	61900	Gesetz
65.595	64920	65080	Sollen
65.595	65160	65240	wir
66.154	65320	65400	aber
66.715	65960	66200	nichts
67.275	66280	66360	weiter
67.275	66600	66920	darauf
68.397	67080	67320	bauen
68.397	67800	67880	und
68.397	67960	68120	soll
68.954	68200	68280	sich
69.515	68440	68760	nichts
69.515	68920	69000	weiter
70.075	69080	69320	daraus
70.633	69480	69800	entwickeln
71.196	70680	70680	,
71.196	70680	70760	was
71.755	71000	71080	ich
71.755	71160	71240	im
72.316	71400	71800	Garten
72.874	71880	72440	leiste,
73.436	72440	72520	du
73.436	72760	72840	im
73.996	72920	73080	Park
73.996	73400	73560	soll
73.996	73640	73720	das
74.554	73800	73880	nur
75.115	73960	74040	für
75.115	74440	74520	ein
75.675	74600	74920	Siedler
75.675	75080	75240	getan
76.233	75400	75480	sein
77.917	77320	77320	.
77.917	77400	77480	Es
78.475	77640	77800	nimmt
78.475	77960	78040	mich
79.035	78120	78200	nicht
79.598	78520	79160	Wunder,
80.155	79240	79320	wenn
80.715	79480	79720	solche
81.275	80040	80360	Künstler
81.275	80600	80680	nach
81.275	80760	80840	und
81.836	80920	81000	nach
82.394	81160	81720	verstockt
83.515	82280	82760	gleichgültig
83.515	82840	82920	und
84.075	83000	83560	eigensinnig
84.635	83640	83720	werden
86.876	86040	86520	entstehen,
87.437	86440	86520	was
87.994	86760	87480	wollte,
87.994	87480	87560	wenn
88.555	87640	87720	man
88.555	87880	87960	nur
89.115	88040	88120	nicht
89.676	88440	88680	gerade
90.236	89000	89320	darüber
90.236	89560	89640	die
91.356	89800	90360	Abbildungen
91.356	90680	90760	so
91.915	90840	91080	mancher
91.915	91240	91480	lieben
92.476	91560	91640	und
92.476	91800	92120	teuren
93.034	92200	92360	Menschen
93.596	92520	93160	entbehren
94.154	93160	93480	müßte
96.416	95820	95980	heraus
96.976	96060	96300	schreit
96.976	96380	96460	er
96.976	96540	96620	sich
96.976	96700	96780	in
97.536	96780	97020	Leid
97.536	97020	97100	und
98.094	97180	97340	Lust
98.656	97980	98060	und
98.656	98060	98300	rückt
99.216	98380	98460	sie
99.216	98540	98620	fest
99.216	98780	98860	im
100.336	98940	99500	Windgebraus
100.336	99740	99820	an
100.896	99900	100140	seine
101.455	100220	100620	klopfende
102.016	100780	101420	Brust.
102.016	101500	101580	Dann
102.575	101820	102060	gehen
103.134	102220	102700	heim,
103.696	102780	102860	sie
103.696	103020	103180	arm
103.696	103260	103340	und
104.817	103500	104220	arm.
104.817	104140	104300	Ach
104.817	104380	104460	wie
105.376	104540	104620	das
105.376	104700	104860	Herz
105.935	105020	105100	ihr
106.496	105260	105980	klang,
106.496	105900	105980	wie
107.055	106060	106140	sie
107.055	106380	106460	an
107.055	106540	106620	ihn
107.616	106780	106860	jetzt
107.616	106940	107100	weich
108.175	107260	107340	und
108.175	107500	107660	warm
108.175	107820	107900	sich
108.736	107980	108300	schmiegt
109.296	108460	108540	auf
109.296	108620	108780	diesem
109.854	108780	108940	Gang
112.336	111660	111820	Eri
112.896	111820	112220	beobachtete
112.896	112220	112300	mit
112.896	112300	112380	dem
113.456	112380	112700	Glas
113.456	112780	112860	die
114.017	112860	113180	Vorgänge
114.017	113340	113740	andeckte
115.695	113740	114540	Schiffes.
115.695	115100	115180	Die
116.255	115260	115660	gefangenen
116.816	115660	116060	Matias
116.816	116140	116220	sind
117.375	116300	116540	jedenfalls
117.375	116700	116780	unter
117.935	116940	117260	Deck,
117.935	117260	117500	sagte
118.493	117580	117660	er
119.055	118460	118460	.
119.618	118940	119020	Das
119.618	119100	119260	Schiff
120.176	119260	119340	ist
120.176	119500	119660	gerade
120.176	119660	119820	zum
120.736	119820	120140	Gefecht.
120.736	120220	120300	Ich
121.294	120300	120860	glaube,
121.856	120940	121020	man
121.856	121180	121260	will
121.856	121420	121500	auf
122.415	121580	121660	uns
122.975	121740	122540	schießen,
122.975	122540	122620	ist
123.536	122780	122860	er
123.536	122860	122940	nicht
123.536	123020	123260	lieber
124.654	123260	123580	anhalten
126.716	126040	126120	Mir
127.275	126280	126520	persönlich
127.275	126760	126840	wie
127.835	127000	127080	dem
128.396	127240	127560	allgemeinen
128.957	127720	127960	Interesse
128.957	128280	128520	entstehen
129.516	128520	128680	dadurch
130.075	128920	129560	Schwierigkeiten,
130.075	129640	129720	die
130.636	129880	129960	sich
130.636	130040	130120	noch
130.636	130200	130280	gar
131.197	130280	130360	nicht
131.197	130520	130760	absehen
131.754	130920	131080	lassen
132.315	131720	131720	,
132.315	131720	131960	bieten
132.876	132040	132120	Sie
132.876	132200	132360	allen
133.435	132440	132760	Einfluss
133.996	132840	133400	auf,
133.996	133400	133480	um
134.556	133640	134040	Ismas
134.556	134040	134280	Rückkehr
135.116	134360	134440	zu
135.675	134520	134840	ermöglichen
135.675	135080	135160	und
135.675	135240	135320	kommen
136.236	135480	135560	Sie
136.798	135640	136200	selbst,
136.798	136120	136200	um
136.798	136200	136360	Ihre
136.798	136360	136520	Sache
137.355	136600	136680	zu
138.473	136760	137320	führen.
140.455	139540	139620	Die
141.016	139860	140100	politischen
141.575	140340	140820	Verhältnisse
142.136	140980	141540	bezeichnete
142.136	141540	141620	er
142.136	141700	141780	als
142.695	141860	142020	ziemlich
143.816	142180	143060	trostlos.
143.816	143140	143380	Seine
144.375	143380	143860	Ansicht,
144.375	143780	143860	dass
144.935	144020	144100	man
144.935	144260	144340	alle
144.935	144420	144500	von
145.495	144580	144660	den
146.057	144820	145300	Martiern
146.057	145380	145700	gestellten
146.616	145780	146020	Forderungen
147.176	146100	146500	bewilligen
147.734	146500	147060	müsse,
147.734	147060	147140	um
148.295	147300	147540	ihnen
148.295	147620	147700	jede
148.856	147860	148260	Veranlassung
148.856	148420	148500	zu
149.415	148580	148820	nehmen,
149.415	148900	148980	sich
149.415	149060	149140	in
149.975	149140	149220	die
150.536	149300	149700	menschlichen
151.096	149860	150420	Angelegenheiten
151.654	150500	150900	einzumischen
154.577	153420	153820	fünftens
155.135	153980	154380	Anerkennung
155.135	154540	154620	der
156.256	154700	155340	Gleichberechtigung
156.256	155580	155660	der
156.815	155740	156220	Martier
156.815	156380	156460	mit
157.375	156540	156780	allen
157.935	156860	157020	anderen
158.496	157260	157580	Nationen
158.496	157820	157900	in
158.496	157980	158220	Bezug
159.056	158140	158220	auf
159.615	158460	159180	Niederlassung,
160.736	159260	159740	Verkehr,
160.736	160060	160220	Handel
160.736	160300	160380	und
161.853	160380	160700	Erwerb
162.415	161900	161900	.
163.536	161980	162540	Gleichzeitig
164.095	162860	163420	depäschierte
164.657	163500	163580	Kall
164.657	164060	164140	an
164.657	164140	164220	die
165.215	164220	164540	Regierung
165.777	164860	165180	aller
166.336	165180	165580	größeren
166.336	165660	165900	Staaten
166.896	166060	166140	den
166.896	166300	166460	Wunsch
167.456	166620	166700	der
168.015	166780	167420	Marsstaaten
168.015	167660	167740	über
168.575	167820	167900	die
168.575	167980	168140	beiden
169.135	168220	168540	letzten
169.696	168620	168780	Punkte
169.696	169100	169180	in
170.255	169180	169420	Verhandlung
170.255	169580	169660	zu
170.814	169740	169900	treten
175.275	174760	174840	viel
175.836	175000	175080	ein
175.836	175160	175400	Regen
176.394	175480	175720	gleich
176.955	175960	176120	einem
177.515	176440	176920	reisenden
178.634	177000	177800	Bergstrom
179.195	178600	178600	.
179.755	178600	178680	Aber
179.755	179080	179160	er
180.314	179240	179640	stillte
180.876	179800	179880	wieder
180.876	180200	180280	den
181.434	180360	180520	Wind
181.994	181000	181080	noch
181.994	181320	181400	das
182.553	181560	181800	Meer
184.795	183720	184200	Natur
185.355	184360	184440	im
185.355	184680	184840	Meer
186.474	185080	185560	vorhanden
187.034	185800	186120	seien
187.596	187000	187000	.
188.156	186920	187080	Nein
188.716	187480	187960	Zimahin
189.275	188280	188360	thus
189.834	188600	189160	Meerwasser
190.955	189800	189880	wieder
190.955	190360	190520	leicht
192.075	190600	191320	verdunschte
192.639	191640	191720	und
193.195	191960	192760	verhindern,
193.756	192680	192760	dass
193.756	193080	193160	die
194.316	193240	193560	Winter
195.435	193800	194440	demselben
195.996	194920	195000	eine
195.996	195400	195480	zu
196.555	195560	195880	große
197.114	195960	196280	Menge
197.676	196520	196600	von
198.236	197000	197480	Dunsten
198.236	197560	197640	und
198.795	197800	198280	Zehen,
199.354	198280	198520	welcher
199.915	199320	199320	,
199.915	199320	199640	indem
200.474	199640	199720	sie
201.035	199880	199960	sich
201.035	200360	200440	im
201.595	200440	200760	Wasser
202.714	200920	201640	auflösen
203.835	203240	203240	.
206.635	205640	205800	Meine
206.635	205960	206280	Gedanken
207.196	206360	206440	bei
207.756	206600	206920	Ihnen
207.756	207080	207160	in
208.874	207320	207960	Adelaide
209.436	208760	208840	und
209.436	208920	209000	ich
209.995	209080	209560	wünschte
210.554	209720	209800	mir
211.116	210520	210520	,
211.116	210440	210520	sie
211.676	210600	210920	Herr
212.235	211080	211480	Salben
212.235	211640	211720	zu
212.795	211880	211960	können
215.036	214440	214440	,
215.036	214360	214440	der
215.036	214440	214760	Zauber
215.596	214840	214920	ist
216.154	215000	215320	gelungen
216.715	216120	216120	,
217.276	216120	216440	lachte
218.397	216680	217800	Münchhausen.
218.397	217800	217880	Da
218.954	218120	218200	bin
219.515	218360	218440	ich
219.515	219000	219080	und
220.075	219160	219240	was
220.635	219560	219640	mich
221.754	219960	220680	herführt
223.076	222240	222320	Sie
223.076	222480	222640	waren
223.635	222720	223120	darüber
224.756	223360	223760	sämtlich
224.756	224080	224240	außer
225.317	224240	224320	sich
225.317	224640	224720	und
225.876	224800	225120	warfen
225.876	225280	225360	die
226.437	225360	225760	Hündchen
226.437	225840	225920	aus
226.437	226000	226080	dem
226.997	226160	226640	Fenstern
227.554	226640	227200	hinaus,
228.115	227200	227280	die
228.115	227440	227520	auf
228.115	227600	227680	dem
228.675	227760	228400	Steinpflaster
229.235	228480	228560	des
229.795	228640	228960	Hofes
229.795	229200	229280	ihr
230.354	229360	229520	Leben
230.915	229920	230160	Elend
232.033	230320	230880	endichten
232.594	232000	232000	.
232.734	232480	232560	Der
233.416	232740	232820	Der
233.976	232820	233060	König
233.976	233300	233460	wollte
234.537	233540	233700	nun
234.537	233860	233940	die
235.096	234020	234340	Gesellschaft
235.654	234500	234980	erheitern
235.654	235140	235220	durch
236.216	235300	235380	das
236.777	235620	236180	große,
237.336	236180	236580	angesagte
237.898	236740	237060	Konzert
240.256	239580	239660	Von
240.815	239740	239980	einer
241.374	240220	240780	Strickleiter
241.374	240860	240940	zu
241.935	241100	241340	anderen
241.935	241500	241580	hat
242.496	241740	241820	man
243.057	242060	242460	Zeile
243.614	242540	242780	angebracht
244.175	243580	243580	,
244.175	243580	243660	an
244.175	243740	243820	die
244.734	243980	244060	sich
245.295	244140	244220	die
245.295	244620	245020	Insassen
245.854	245100	245180	bei
246.416	245260	245340	dem
246.416	245740	245900	Schwanken
246.416	246060	246140	des
246.975	246140	246460	Schiffes
247.535	246620	247100	festhalten
248.094	247180	247260	können
248.655	248060	248060	.
250.935	249700	250100	Robert
250.935	250260	250660	Kurtis
251.495	250660	250740	hat
251.495	250820	250900	auch
251.495	250900	250980	noch
252.055	251060	251140	ein
252.055	251380	251540	Dach
252.615	251700	251860	zum
252.615	252020	252260	Schütze
253.175	252420	252500	der
253.175	252580	252820	beiden
253.734	252900	253140	Frauen
254.295	253300	253380	über
254.295	253620	253700	dem
254.855	253780	254500	Mastkorbe
255.416	254580	254900	anbringen
255.974	255060	255220	lassen
256.488	255940	255940	.
258.876	258360	258440	Wir
259.435	258440	258600	kennen
259.435	258760	258840	alle
259.995	258920	259160	genug
260.556	259320	259960	Beispiele,
260.556	259960	260120	welche
260.556	260200	260280	uns
261.115	260360	260440	die
261.675	260600	261160	peinlichste
262.235	261400	261720	Vorsicht
262.795	261720	262120	geraten
263.355	262200	262520	erscheinen
263.914	262680	262840	lassen
264.476	263880	263880	.
264.476	263880	263960	Und
265.033	264280	264360	wenn
265.595	264440	264520	wir
266.156	264920	265000	wirklich
266.156	265480	265560	den
266.156	265640	265800	Becher
266.715	265960	266040	des
267.277	266200	266680	Unglücks
267.277	266840	267000	bis
267.836	267000	267080	zum
268.396	267160	267400	letzten
268.956	267720	268040	Tropfen
268.956	268280	268600	leeren
269.514	268600	268760	sollen
270.075	269480	269480	,
270.075	269560	269640	so
270.634	269720	269880	wird
270.634	269960	270040	es
271.196	270120	270200	uns
271.756	270520	271080	beruhigend,
271.756	271080	271240	getan
271.756	271400	271480	zu
272.314	271560	272040	haben,
272.875	272040	272120	was
272.875	272360	272440	in
273.436	272440	272840	unseren
273.995	272920	273400	Kräften
274.556	273560	273640	stand
277.835	277480	277560	Ich
278.396	277560	277720	werde
278.396	277800	277880	meine
278.956	278040	278200	Leute
279.515	278280	278440	rufen
280.077	279400	279480	Es
280.077	279560	279640	ist
280.634	279720	279880	niemand
281.198	280040	280600	da.
281.198	280520	280600	Und
281.756	280760	281240	Rotkäppchen
281.756	281240	281320	ist
281.756	281320	281400	noch
282.317	281480	281720	fünfzig
282.317	281880	282040	Schritt
282.876	282120	282280	vom
282.876	282280	282360	Haus
283.433	282520	282760	entfernt
283.997	283400	283400	.
284.554	283400	283880	Ungeheuer
285.116	284440	284840	zittriff
285.116	284840	284920	vor
285.676	284920	285080	meinem
286.234	285160	285320	Fluch
286.796	286200	286200	.
287.354	286280	286680	Madame
287.917	287240	287400	Brille
287.917	287560	287640	und
288.477	287640	288040	Schlüsselbund
289.595	288200	288520	herunter
290.157	289320	289480	Ihr
290.157	289560	289720	letzter
290.716	289800	290120	Augenblick
290.716	290120	290200	ist
291.273	290360	290600	gekommen
293.521	292840	293160	Indem
294.075	293160	293400	trat
294.634	293480	294040	Rotkäppchen
295.757	294120	294760	ein.
295.757	295160	295320	Schönen
295.757	295400	295560	guten
296.316	295560	295800	Tag,
297.434	295880	296280	Großmama
299.118	297880	298040	Bonjo
299.676	298520	299080	Appetit,
299.676	299080	299240	küss
300.235	299400	299480	mir
300.235	299560	299640	die
300.794	299640	299800	Hand
302.335	301660	301740	Was
302.335	301820	302060	sangst
302.895	302060	302140	du
302.895	302220	302300	denn
302.895	302380	302460	für
302.895	302460	302540	ein
304.015	302620	303260	Liedgroßmama
304.015	303340	303420	als
304.015	303500	303580	ich
305.133	303660	304220	hereintrat
306.256	305660	305660	?
306.815	306380	306460	Es
307.377	306460	306620	wird
307.377	306700	306860	wohl
307.377	306860	306940	ein
307.936	307020	307180	Lied
307.936	307260	307340	aus
307.936	307340	307420	dem
308.497	307500	307900	Gesangbuch
309.056	308060	308300	gewesen
309.616	308380	308460	sein
311.720	311040	311120	Auf
312.274	311280	311360	diese
312.834	311600	311760	Weise
313.394	312400	312640	sagte
313.394	312800	312880	er
313.957	313040	313120	sehr
313.957	313280	313440	selbst
314.514	313520	313760	zufrieden
314.514	313920	314000	zu
315.075	314000	314560	sich,
315.636	314640	315040	entgehe
315.636	315120	315200	ich
316.196	315280	315520	jeder
316.755	315600	316000	lästigen
317.314	316160	316480	Untersuchung
317.875	316960	317040	und
317.875	317200	317280	mein
318.435	317440	317600	kleines
318.996	317760	318160	Abenteuer
318.996	318320	318720	hinterläßt
319.555	318720	318800	keine
320.116	318960	319200	Spur
320.676	320080	320080	.
321.236	320320	320800	Vornehme
322.355	320960	321280	Herren
322.355	321680	321920	amüsieren
322.915	322160	322240	sich
323.476	322320	322880	gern,
323.476	322880	323040	doch
324.035	323040	323280	wollen
324.035	323360	323440	Sie
324.596	323520	324000	nicht,
324.596	323920	324000	dass
324.596	324000	324080	die
325.157	324160	324320	Leute
325.157	324480	324640	davon
325.714	324720	325280	sprechen,
325.714	325280	325360	Sie
326.276	325440	325680	ziehen
326.276	325760	325840	nicht
326.835	325840	326080	ans
326.835	326160	326320	Licht
327.395	326480	326720	ihre
327.956	326800	327040	kleinen
328.513	327280	327600	Schwächen
