2.236	1560	1640	Y
2.236	1720	1800	las
2.794	1880	2120	almas
3.356	2760	2760	,
3.356	2760	3000	buscando
3.916	3160	3400	algún
5.036	3720	4360	alivio,
5.036	4440	4520	se
6.156	4600	5160	revuelven
6.156	5480	5880	ansiosas
6.716	5960	6040	y
6.716	6120	6360	hacen
7.275	6520	6600	el
7.833	6680	6760	mundo
8.397	7800	7800	.
8.397	7800	7880	Que
8.954	7960	8040	así
10.075	8840	9240	resulta
10.636	9560	9640	ser
10.636	9960	10040	del
11.194	10120	10280	dolor
12.314	11160	11400	obra
12.876	12280	12280	.
12.876	12360	12440	El
13.434	12520	12680	dolor
13.996	13320	13400	o
13.996	13480	13560	la
14.553	13560	13720	nada
15.117	14440	14600	quien
15.117	14600	14760	tenga
16.236	14840	15080	corazón
16.236	15560	15800	venga
16.795	15880	15960	y
17.354	16120	16520	escoja
20.136	19460	19620	Cuando
20.696	19940	20100	calla
20.696	20180	20260	el
21.255	20260	20420	dolor
21.815	21140	21220	se
22.377	21300	21540	oye
22.377	21700	21780	a
22.377	21780	21860	la
22.935	21860	22020	muerte
22.935	22420	22500	las
23.497	22580	22740	alas
24.054	22900	23380	tenebrosas
24.616	23620	24020	batir
24.616	24020	24100	en
25.174	24180	24260	los
25.735	24580	24820	profundos
26.296	25620	25780	cual
26.296	25780	25860	si
27.415	25940	26340	fuesen
27.415	26740	26820	las
27.415	26820	26980	olas
27.976	27060	27140	del
27.976	27300	27380	mar
27.976	27540	27620	de
28.535	27700	27780	la
29.093	27860	28180	ilusión
29.655	28980	29060	en
29.655	29140	29220	que
30.216	29300	29380	los
30.776	29620	29780	seres
30.776	30100	30180	sin
31.335	30260	30580	rumbo
31.893	30740	31060	bogan
32.456	31860	31860	,
33.015	31940	32100	donde
33.015	32340	32420	se
34.135	32660	32980	mecen
34.696	33540	33860	frágiles
35.254	34020	34500	barquillas
35.818	35220	35220	,
35.818	35140	35220	las
36.374	35300	35700	fugitivas
36.935	35780	36020	formas
38.055	37460	37460	.
39.136	38540	38780	Echar
39.695	38860	39020	fuera
39.695	39180	39260	la
40.256	39260	39340	vida
40.256	39580	39660	y
40.815	39740	40220	acallar
40.815	40300	40380	las
41.935	40540	41020	domésticas
42.496	41260	41580	cuestiones
42.496	41820	41900	con
42.496	41900	41980	el
43.056	42140	42620	güero
43.616	42620	42860	fragor
43.616	42940	43020	de
43.616	43020	43100	las
44.734	43180	43580	políticas
45.296	44700	44700	.
45.856	44780	45180	Nuevas
45.856	45260	45420	caso
45.856	45420	45500	a
46.416	45580	45660	los
46.416	45740	45900	hombres
46.416	45980	46060	que
46.976	46220	46300	se
47.538	46380	46860	juntan
47.538	46940	47020	y
48.094	47020	47340	gritan
49.777	48620	49260	Hojas,
49.777	49260	49340	sus
50.894	49500	49740	gritos
50.894	50220	50300	son
51.455	50620	50700	que
51.455	50780	50860	el
52.014	50940	51100	viento
52.575	51420	51740	lleva
53.696	52460	52620	mientras
53.696	53020	53100	en
54.254	53260	53500	silencio
54.815	54220	54300	su
55.375	54380	54620	dolor
55.934	54860	55180	radica
57.056	56460	56460	.
58.778	57700	57940	Ala
58.778	58100	58180	S
59.337	58500	58580	la
59.896	58740	58980	noche
59.896	59220	59300	no
60.455	59300	59540	podía
60.455	60100	60180	na
61.576	60260	60500	menos
62.136	60900	61300	desonre
62.697	61860	62180	ante
62.697	62180	62260	la
63.257	62260	62500	idea
63.257	62660	62740	de
64.375	62900	63300	haber
64.936	63700	64180	venido
66.057	64660	65060	alime
66.057	65460	65540	a
67.176	65700	66100	predicar
67.738	66500	67300	resignación
67.738	67300	67380	y
68.857	67540	67940	paciencia
68.857	68180	68260	a
68.857	68340	68420	un
69.416	68500	68740	hombre
69.416	68820	68900	a
69.978	69060	69300	quien
70.538	69540	69700	nunca
70.538	69860	70100	había
71.655	70260	70580	visto
72.220	71620	71620	,
72.776	71540	71620	pero
72.776	72100	72180	le
73.335	72180	72500	sugería
73.335	72740	72820	más
73.896	73060	73380	serias
75.016	73460	73940	reflexiones
75.576	74900	74980	el
75.576	75060	75220	hecho
75.576	75220	75300	de
76.136	75300	75380	que
76.695	75540	75780	ella
78.377	77700	77780	el
78.935	77860	78100	capitán
79.494	78340	78740	Harville
80.055	79380	79460	no
80.615	79540	79620	se
81.175	79940	80100	había
81.736	80660	81300	restablecido
82.295	81460	81540	de
82.856	81780	81860	una
82.856	82260	82420	grave
83.414	82580	82820	herida
83.976	82900	82980	que
85.097	83380	84020	recibiera
85.097	84420	84500	dos
85.655	84500	84660	años
86.214	84980	85140	antes
87.336	86180	86260	y
87.336	86820	86900	la
87.895	86900	87380	ansiedad
88.455	87460	87540	que
89.013	87780	88100	tenía
90.134	88900	88980	went
90.696	90020	90100	a
90.696	90180	90260	la
91.814	90340	90900	poesía
92.375	91700	91780	y
94.056	92100	93140	añadióle
94.056	93460	93540	que
94.614	93780	93860	era
95.175	94020	94100	una
95.734	94500	94740	lástima
95.734	95060	95140	que
96.296	95220	95300	esta
96.855	95700	95940	pudiera
97.415	96260	96340	ser
98.536	96740	97460	dulcemente
99.095	97860	98340	gozada
99.095	98580	98820	rara
99.656	98900	99060	vez
99.656	99140	99220	por
100.216	99220	99300	los
100.216	99540	99620	que
100.776	99700	100020	eran
101.335	100180	100340	realmente
101.895	100740	101380	capaces
102.455	101620	101700	de
103.016	101860	102420	comprender
103.576	102500	102580	la
104.135	102980	103140	fondo
105.175	104820	104820	,
105.175	104820	104900	ma
106.456	105380	105700	pensaban
106.456	105780	105860	que
106.456	105860	105940	no
107.016	106020	106260	iré
107.016	106340	106420	a
107.016	106420	106500	todo
107.016	106580	106660	tan
107.573	106820	106900	bien
108.136	107620	107700	si
108.695	107780	107860	no
108.695	108020	108340	fuese
109.256	108420	108500	por
109.256	108660	108740	la
109.815	108740	108980	extrema
110.375	109140	109460	corrección
110.939	109700	109780	de
110.939	110260	110340	los
111.496	110340	110580	señores
111.496	110820	110900	de
112.615	110900	112020	Musgrove,
112.615	111940	112020	que
113.178	112100	112180	era
113.178	112500	112740	habitual
113.178	112820	112900	en
114.295	112900	113140	ellos
114.856	113780	113860	y
114.856	114180	114260	por
114.856	114260	114340	el
115.975	114420	114820	continuo
116.535	115300	115940	charlar,
117.095	116020	116340	reír
117.657	116580	116660	y
117.657	116980	117300	cantar
118.216	117380	117460	de
118.216	117540	117620	sus
118.774	117700	117860	hijas
119.334	118740	118740	.
121.615	120380	120860	Enseguida
122.174	121020	121420	comprendió
122.736	122060	122140	lo
123.297	122220	122380	natural
123.297	122620	122700	que
123.855	122700	122780	era
123.855	123260	123340	el
124.417	123420	123500	que
124.417	123740	123820	la
124.417	123900	124140	señora
124.975	124220	124300	de
125.534	124380	124780	Croft
126.656	125500	126140	ocuparase
126.656	126140	126220	y
127.215	126380	126780	hablara
127.775	126860	126940	de
128.338	127100	127580	Eduardo
128.338	127820	127900	y
128.896	127980	128060	no
128.896	128220	128300	de
129.454	128380	128780	Federico
130.015	129580	129580	,
130.576	129580	129660	y
131.136	129900	130380	avergonzada
131.136	130460	130540	de
131.136	130620	130700	su
132.253	130780	131260	torpeza
132.817	132220	132220	,
133.379	132220	132620	dedicóse
133.379	132780	132860	a
133.936	132940	133420	inquirir
133.936	133420	133500	con
134.496	133580	133660	el
134.496	133820	134060	debido
135.615	134140	134540	interés
136.178	135260	135740	acerca
136.178	135740	135820	del
136.736	135820	136140	nuevo
137.294	136140	136380	Estado
137.856	137180	137260	de
137.856	137260	137340	su
138.416	137340	137580	antiguo
138.977	137820	138060	vecino
139.535	138940	138940	.
141.095	140180	140260	Fue
141.095	140580	140660	el
141.656	140660	140740	primer
142.216	141060	141300	negro
142.216	141540	141700	pensamiento
142.774	141940	142020	que
143.334	142180	142500	surgió
143.897	143220	143300	en
143.897	143380	143460	la
143.897	143460	143540	mente
144.455	143620	143700	de
145.013	143780	144020	María
145.576	144980	144980	,
145.576	144980	145060	y
146.696	145060	145860	disponíase
146.696	146100	146180	ya
146.696	146260	146340	a
147.815	146340	146900	enfadarse
148.376	147300	147460	cuando
148.937	147700	148180	Luisa
148.937	148340	148420	lo
149.494	148420	148660	explicó
150.054	148820	148900	todo
150.616	150020	150020	,
150.616	150020	150260	diciendo
151.176	150260	150340	que
151.176	150500	150580	si
151.734	150660	150900	venía
151.734	151060	151140	a
152.294	151220	151300	pie
152.855	152180	152260	era
152.855	152420	152500	para
153.416	152580	152820	dejar
153.974	152980	153140	sitio
154.535	153380	153460	al
155.098	153860	154180	arpa
155.098	154420	154500	que
155.657	154580	155060	traían
155.657	155060	155140	en
155.657	155140	155220	el
156.213	155220	155380	coche
158.536	157860	158020	Así
158.536	158020	158100	es
158.536	158180	158260	la
159.095	158340	158660	verdad,
159.655	158740	159140	respondió
159.655	159220	159300	la
160.775	159380	160260	doncella,
160.775	160260	160340	y
161.335	160500	160820	esa
161.895	160900	161060	hija
161.895	161220	161460	soy
162.454	161540	161620	yo
163.016	162100	162180	si
163.016	162340	162420	la
163.016	162500	162660	fama
163.574	162820	163060	miente
164.136	163300	163380	o
164.136	163460	163540	no
164.136	163700	163780	en
164.695	163860	163940	mi
165.815	164100	164820	hermosura,
165.815	165140	165220	ya
165.815	165220	165300	os
166.376	165460	165780	habréis
166.934	165940	166260	señores
168.055	166500	167460	desengañado,
168.055	167460	167540	pues
168.055	167620	167700	me
168.615	167780	168100	habéis
169.173	168100	168260	visto
170.856	170260	170260	.
170.856	170260	170340	El
171.416	170420	170580	otro
171.416	170740	171060	contrario
172.533	171220	171460	dijo
173.656	172820	173140	Señor
174.776	173220	174180	gobernador,
174.776	174100	174180	yo
174.776	174260	174340	la
175.335	174420	174660	diré
175.335	174660	174740	con
175.896	174820	175140	toda
176.455	175300	175620	brevedad
177.016	176340	176580	vuestra
177.576	176740	177140	merced
178.134	177140	177300	sabrá
178.134	177460	177540	que
178.697	177700	177780	este
178.697	178100	178500	gentil
179.255	178420	178580	hombre
179.816	178740	179060	acaba
179.816	179140	179220	de
179.816	179300	179460	ganar
180.935	179540	179860	ahora
180.935	180260	180340	en
181.495	180420	180500	esta
181.495	180820	180900	casa
181.495	181060	181140	de
182.054	181220	181540	juego
182.616	181700	181780	que
182.616	181940	182020	está
183.175	182180	182340	aquí
183.733	182660	183060	frontero
184.295	183620	183700	más
184.295	183780	183860	de
184.854	183940	184020	mil
185.416	184260	184420	reales
185.416	184820	184900	y
185.975	185060	185300	sabe
186.536	185460	185700	Dios
187.094	185860	186100	cómo
188.215	187620	187700	pero
188.775	187860	187940	él
188.775	188180	188260	se
189.336	188340	188420	las
189.336	188660	188820	tenía
189.896	188980	189220	tiesas
189.896	189380	189460	a
190.454	189460	189620	todos
191.016	190420	190420	.
191.575	190420	190820	Maguera
192.137	190980	191540	tonto,
192.137	191540	191780	bronco
192.697	191860	191940	y
193.255	192100	192820	rollizo,
193.255	192740	192820	y
193.818	192980	193220	dijo
193.818	193300	193380	a
193.818	193460	193540	los
194.377	193540	193620	que
194.377	193700	193780	con
194.936	193940	194020	él
194.936	194260	194500	estaban
194.936	194580	194660	y
195.496	194740	194820	al
196.056	194900	195140	doctor
196.056	195380	195620	Pedro
197.175	195780	196020	Recio
197.735	196740	197220	que,
197.735	197220	197300	como
198.296	197460	197540	se
198.296	197620	197940	acabó
198.857	198020	198100	el
198.857	198260	198500	secreto
198.857	198500	198580	de
199.415	198660	198740	la
199.415	198820	198980	carta
199.974	198980	199060	del
200.537	199300	199940	duque,
200.537	199940	200100	había
201.096	200260	200420	vuelto
201.096	200580	200660	a
201.656	200660	200820	entrar
201.656	200980	201060	en
201.656	201060	201140	la
202.214	201220	201380	sala
205.475	204800	204880	con
205.475	204880	205120	esas
206.035	205200	205360	cosas
206.598	205920	206160	liberar
206.598	206160	206240	a
207.156	206240	206400	vuestra
207.716	206560	206880	merced
207.716	207040	207120	si
208.277	207200	207680	vive,
208.277	207680	207920	respondió
208.835	208000	208080	el
209.395	208160	208800	paje.
209.956	209040	209120	Par
210.515	209280	209920	Dios,
211.075	210000	210400	términos
211.075	210480	210720	lleva
211.635	210800	210880	de
212.194	210960	211200	caminar
212.194	211520	211600	con
213.315	211680	212400	papaigo
213.315	212720	212800	con
213.875	212880	213280	solos
213.875	213360	213440	dos
214.434	213600	213760	meses
214.995	214000	214080	que
214.995	214320	214400	le
214.995	214400	214640	dure
215.556	214800	214880	el
216.113	214960	215120	gobierno
218.215	217540	217620	Y
218.215	217620	217700	por
218.775	217700	218180	ahora,
219.895	218260	218820	Sanchica
219.895	219300	219620	atiende
220.455	219700	219780	a
220.455	219860	219940	que
220.455	219940	220020	se
221.014	220100	220580	regale
221.575	220740	220820	este
222.133	220980	221220	señor
222.696	222020	222180	ponen
223.255	222260	222500	orden
223.255	222580	222660	este
223.814	222740	222980	caballo
224.375	223300	223380	y
224.375	223700	223940	saca
224.936	223940	224020	de
224.936	224260	224340	la
225.496	224340	224740	caballeriza
226.055	224980	225380	huevos
226.055	225460	225540	y
226.615	225780	226100	corta
227.175	226260	226580	tocino
227.175	226580	226660	a
227.734	226740	227060	dunia
228.295	227300	227380	y
228.295	227620	228020	démosle
228.854	228100	228180	de
228.854	228260	228420	comer
229.415	228500	228580	como
229.415	228740	228820	a
229.415	228900	228980	un
230.535	229060	229540	príncipe
230.535	229860	229940	que
230.535	230020	230100	las
231.095	230100	230260	buenas
231.095	230420	230660	nuevas
231.656	230740	230820	que
231.656	230980	231060	nos
231.656	231140	231220	ha
232.217	231220	231540	traído
232.217	231620	231700	y
232.217	231780	231860	la
232.775	231860	232020	buena
232.775	232180	232260	cara
233.334	232500	232580	que
233.334	232740	232820	él
233.896	232980	233060	tiene
233.896	233380	233460	lo
234.454	233540	233780	merece
235.013	233860	233940	todo
236.136	235620	235700	que
236.696	235860	235940	un
236.696	236020	236180	palo
237.256	236340	236660	compuesto
237.256	236740	236820	no
237.815	236900	237300	parece
238.373	237380	237620	palo
238.936	238340	238340	.
238.936	238260	238340	No
238.936	238420	238580	digo
239.495	238580	238660	que
240.055	238820	239140	traigas
240.055	239380	239620	dijes
240.614	239620	239700	ni
241.175	239940	240580	galas,
241.175	240580	240660	ni
241.736	240740	240820	que
241.736	241060	241140	siendo
242.296	241300	241540	juez
242.296	241700	241780	de
242.296	241780	242020	vistas
242.856	242020	242100	como
243.415	242260	242900	soldado,
243.976	242980	243300	sino
243.976	243380	243460	que
243.976	243460	243540	te
244.536	243700	244180	adornes
244.536	244180	244260	con
245.096	244260	244340	el
245.096	244420	244660	hábito
245.655	244660	244740	que
245.655	244980	245060	tu
246.216	245140	245380	oficio
246.774	245540	245860	requiere
247.336	246340	246420	con
247.336	246660	246740	tal
247.336	246820	246900	que
247.897	246980	247220	sea
247.897	247380	247540	limpio
247.897	247540	247620	y
248.456	247700	247780	bien
249.014	247940	248340	compuesto
251.779	251180	251500	hágote
252.335	251580	251820	saber
252.335	251900	251980	que
252.896	252140	252220	es
252.896	252300	252380	el
252.896	252460	252540	más
253.454	252540	252780	valiente
254.016	253020	253100	y
254.016	253340	253420	el
254.016	253500	253580	más
255.139	253660	254140	enamorado
255.139	254460	254540	y
255.139	254540	254620	el
255.695	254700	254780	más
255.695	255020	255420	comedido
256.257	255420	255500	que
256.257	255580	255660	tiene
256.257	255820	255900	el
256.815	255900	255980	mundo
257.378	256700	256780	si
257.378	256780	256860	no
257.378	256860	256940	es
257.378	257020	257100	que
257.937	257100	257180	nos
257.937	257260	257500	miente
258.498	257660	257740	y
258.498	257820	257900	nos
259.056	257980	258220	engaña
259.056	258620	258700	una
259.615	258860	259100	historia
259.615	259100	259180	de
260.176	259260	259340	que
260.176	259500	259580	sus
261.295	259740	260380	hazañas
261.295	260700	260940	anda
262.419	261020	261340	impresa
262.419	261740	261820	y
262.977	261900	261980	yo
262.977	262300	262380	he
263.535	262380	262700	leído
266.515	265280	265840	Ofreciósele
266.515	265920	266000	el
267.075	266080	266400	gallardo
267.635	266560	267120	pastor,
268.195	267200	267680	pidióle
268.195	267760	267840	que
268.755	267920	268400	viniese
269.317	268400	268480	con
269.317	268640	268720	él
269.317	268800	268880	a
269.317	268880	268960	sus
270.435	269040	269840	tiendas.
270.996	270160	270480	Hubo
270.996	270640	270720	lo
271.555	270720	270800	de
272.115	270880	271200	conceder
272.115	271680	271760	don
273.236	271840	272240	Quijote
273.236	272560	272640	y
273.236	272720	272800	así
273.795	272960	273040	lo
274.353	273120	273280	hizo
274.916	274320	274320	.
275.476	274560	274960	Llegó
276.035	275200	275280	en
276.595	275440	275600	esto
276.595	275920	276000	el
277.713	276160	276560	ojeo
279.135	278460	278540	Y
279.135	278540	278620	de
279.695	278700	279260	puta,
279.695	279180	279260	y
280.256	279420	279500	que
280.256	279740	279980	corazón
280.815	279980	280060	de
281.376	280140	280780	mármol,
281.376	280780	280860	qué
281.936	280940	281420	entrañas
281.936	281420	281500	de
282.495	281500	281740	bronce
283.056	282060	282140	y
283.056	282380	282460	qué
283.056	282540	282700	alma
283.615	282700	282780	de
284.173	282940	283420	argamasa
284.738	284140	284140	,
284.738	284060	284140	pero
284.738	284220	284300	no
285.295	284300	284460	puedo
285.856	284620	284780	pensar
285.856	285180	285260	qué
285.856	285260	285340	es
285.856	285420	285500	lo
286.415	285500	285580	que
286.415	285740	285900	vio
286.415	285980	286060	esta
286.976	286220	286620	doncella
286.976	286700	286780	en
287.536	286780	287020	vuestra
288.094	287100	287340	merced
288.655	287660	287740	que
288.655	287980	288060	así
288.655	288140	288220	la
289.215	288380	288780	rindiese
289.775	288940	289020	y
290.893	289180	289820	avasallase
291.456	290860	290860	.
292.015	291500	291580	En
292.015	291660	291740	la
292.575	291740	291980	isla
292.575	292060	292140	de
293.694	292300	292780	Cerdeña
293.694	293020	293100	hay
294.256	293260	293500	unos
294.816	293660	293900	tornones
294.816	294140	294220	que
294.816	294220	294300	se
295.373	294380	294540	llaman
296.495	295100	295900	Nurah,
296.495	295900	295980	que
297.055	296220	296380	nadie
297.614	296460	296620	sabe
298.177	297020	297100	que
298.177	297500	297580	el
298.177	297580	297740	pueblo
298.734	297740	297980	eran
299.296	298220	298300	y
299.296	298620	298700	los
299.855	298860	299420	egipcios
300.975	299580	300140	levantaron
300.975	300300	300380	con
301.535	300460	300780	piedras
302.095	300940	301500	enormes
303.213	301580	302380	suspirámides
304.896	303820	304300	dolmenes
304.896	304460	304540	no
305.455	304540	304780	eran
305.455	304780	304860	para
306.014	305020	305180	vivir
306.575	305980	305980	,
307.136	306060	306300	sino
307.136	306460	306540	para
307.697	306620	307020	enterrar
307.697	307180	307260	sus
308.254	307260	307500	muertos
308.815	308140	308220	o
308.815	308300	308380	para
309.376	308540	308620	ir
309.376	308700	308780	a
309.376	308940	309100	oír
309.936	309100	309180	a
309.936	309260	309340	los
309.936	309340	309580	viejos
310.495	309660	309740	y
310.495	309820	309900	los
311.057	309980	310140	sabios
311.057	310380	310540	cuando
311.616	310620	311100	cambiaba
311.616	311100	311180	la
312.178	311260	311500	estación
312.738	311900	311980	o
312.738	312140	312300	había
313.295	312380	312540	guerra
313.856	312860	312940	o
313.856	313180	313420	tenían
314.414	313580	313660	que
314.975	313740	314060	elegir
315.535	314380	314700	rey
316.094	315100	315180	y
316.094	315500	315580	para
316.656	315740	316140	recordar
317.214	316380	316540	cada
317.774	316620	316700	cosa
318.336	317100	317180	de
318.336	317660	317820	estas
318.896	317980	318380	clavaban
318.896	318460	318540	en
318.896	318540	318620	el
319.456	318700	318860	suelo
319.456	319020	319100	una
320.015	319180	319420	piedra
320.574	319500	319580	grande
321.136	320460	320540	como
321.136	320540	320620	una
321.695	320700	320940	columna
322.256	321340	321420	que
322.814	321660	321980	llamaban
324.494	322860	323500	Menheir
