11266_10604_000000	1.000	17.270
11266_10604_000001	18.270	36.890
11266_10604_000002	37.890	55.750
12249_11991_000027	56.750	76.220
12249_11991_000028	77.220	88.630
12249_11991_000029	89.630	103.290
12525_11991_000076	104.290	118.450
12525_11991_000077	119.450	138.570
12525_11991_000078	139.570	156.050
3468_1378_000088	157.050	168.710
3468_1378_000089	169.710	186.270
3468_1378_000090	187.270	202.200
3471_1378_000100	203.200	215.850
3471_1378_000101	216.850	234.370
3471_1378_000102	235.370	249.180
4096_1378_000066	250.180	262.950
4096_1378_000067	263.950	276.540
4096_1378_000068	277.540	289.990
4747_2162_000005	290.990	302.440
4747_2162_000006	303.440	323.430
