1.917	1400	1480	It
2.476	1640	1720	is
2.476	1880	1960	a
3.038	1960	2040	very
3.038	2360	2440	fine
3.038	2520	2680	old
3.594	2680	2840	place
4.157	3480	3560	of
4.157	3560	3800	red
5.273	3880	4200	brick
5.836	5160	5560	softened
5.836	5560	5640	by
6.394	5640	5720	a
6.954	5800	6280	pale
7.515	6600	7080	powdery
8.633	7240	7560	lichen
9.195	8600	8680	which
9.755	8760	8840	has
10.316	9080	9560	dispersed
10.874	9640	9800	itself
11.435	10200	10280	with
11.995	10760	10920	happy
12.554	11320	11800	irregularity
13.115	12600	12680	so
13.677	12760	12840	as
13.677	13000	13080	to
13.677	13080	13240	bring
14.236	13320	13400	the
14.236	13560	13800	red
14.794	13880	14120	brick
15.356	14600	14840	into
15.356	14840	15000	terms
15.916	15080	15160	of
16.474	15320	15720	friendly
17.593	15960	16760	companionship
18.157	17480	17560	with
18.157	17560	17640	a
18.716	17800	18360	limestone
19.835	18360	18840	ornaments
19.835	19240	19480	surrounding
20.395	19560	19640	the
20.395	19720	19800	three
21.515	19960	20360	gables
21.515	20920	21000	the
22.636	21160	21560	windows
22.636	21960	22040	and
22.636	22040	22120	the
23.195	22200	22280	door
23.754	22600	22840	place
24.877	24200	24280	but
24.877	24280	24360	the
25.435	24440	24840	windows
25.435	24840	24920	are
25.995	25080	25560	patched
26.555	25640	25720	with
26.555	25880	26040	wooden
27.674	26360	26600	panes
27.674	27080	27160	and
28.234	27240	27320	the
28.795	27560	27640	door
28.795	28120	28200	I
28.795	28200	28280	think
29.354	28600	28680	is
29.354	28760	28840	like
29.914	28920	29000	the
30.474	29240	29400	gate
31.036	29960	30040	it
31.036	30360	30440	is
31.036	30440	30600	never
32.154	30600	31000	opened
32.715	32120	32200	for
32.715	32280	32360	it
33.275	32360	32440	is
33.275	32600	32680	a
33.834	32840	33080	solid
34.956	33720	33880	heavy
35.514	34360	34760	handsome
36.074	34840	34920	door
36.635	35960	36040	and
37.196	36040	36200	must
37.196	36520	36680	once
37.196	36680	36760	have
37.756	36840	36920	been
37.756	37080	37160	in
37.756	37240	37320	the
37.756	37320	37480	habit
38.316	37560	37640	of
38.874	37720	38040	shutting
39.435	38360	38440	with
39.435	38760	38840	a
39.995	38840	39480	sonorous
40.555	39480	39720	bang
41.114	40200	40440	behind
41.677	40600	40680	the
42.235	41000	41400	livered
42.795	41560	42040	lackey
43.357	42280	42360	who
43.357	42680	42760	had
43.357	42760	42840	just
43.916	42920	43080	seen
43.916	43240	43320	his
44.476	43320	43480	master
44.476	43800	43880	and
45.037	43960	44280	mistress
45.037	44360	44520	off
45.037	44520	44600	the
45.595	44600	44920	grounds
46.156	45400	45480	in
46.156	45560	45640	a
46.715	45640	45800	carriage
46.715	46040	46120	and
47.274	46280	46440	pair
48.396	47720	47800	a
48.954	47880	48040	large
49.517	48360	48520	open
50.075	48840	49240	fireplace
50.075	49400	49480	with
50.637	49640	50040	rusty
50.637	50120	50280	dogs
50.637	50280	50360	in
51.194	50440	50520	it
51.755	51320	51400	and
52.317	51400	51480	a
52.317	51640	51800	bear
52.877	51960	52280	boarded
53.435	52360	52520	floor
54.554	54040	54120	at
55.116	54280	54360	the
55.116	54520	54600	far
55.674	54840	54920	end
56.796	55640	56120	fleeces
56.796	56120	56200	of
57.357	56200	56520	wolves
57.357	56680	56840	stacked
57.917	56920	57000	up
59.038	58440	58520	in
59.038	58520	58600	the
59.038	58600	58760	middle
59.596	58840	58920	of
59.596	58920	59000	the
60.154	59080	59160	floor
60.717	59880	59960	some
61.276	60120	60360	empty
61.834	60600	61080	cornbags
63.295	62620	62700	And
63.295	62700	62780	what
63.295	62940	63020	through
63.856	63020	63100	the
63.856	63180	63340	left
63.856	63420	63500	hand
64.974	63580	63820	window
65.537	64940	64940	?
66.095	65020	65180	Several
67.214	65420	66220	clotheshorses
67.776	67180	67180	,
67.776	67100	67180	a
68.336	67340	67900	pillion,
68.336	67900	67980	a
68.897	67980	68300	spinning
69.453	68380	68700	wheel
70.015	69660	69740	and
70.575	69740	69820	an
70.575	69980	70140	old
71.136	70140	70300	box
71.136	70540	70700	wide
71.695	70780	70940	open
71.695	71100	71180	and
72.255	71260	71660	stuffed
72.255	71740	71820	full
72.816	71900	71980	of
72.816	72140	72380	coloured
73.933	72460	72780	rags
74.494	73980	74060	at
75.055	74140	74220	the
75.055	74380	74540	edge
75.055	74540	74620	of
75.614	74860	74940	this
76.175	75020	75180	box
76.175	75580	75660	there
76.175	75660	75900	lies
76.735	75980	76060	a
76.735	76140	76220	great
77.296	76460	76700	wooden
78.414	76940	77260	doll
78.976	77820	77900	which
78.976	78620	78700	so
79.535	78780	78860	far
79.535	78940	79020	as
80.096	79260	79660	mutilation
80.655	79820	79900	is
81.213	79980	80220	concerned
81.776	81100	81340	bears
82.335	81420	81500	a
82.896	81660	81820	strong
82.896	82220	82540	resemblance
83.454	82700	82780	to
83.454	82860	82940	the
84.015	82940	83500	finest
84.577	83580	83740	Greek
85.135	83900	84380	sculpture.
85.135	84780	84860	And
85.696	84860	85100	especially
85.696	85260	85340	in
86.255	85420	85500	the
86.255	85580	85740	total
86.816	85900	86060	loss
86.816	86140	86220	of
86.816	86220	86300	its
87.374	86380	86700	nose
88.496	87900	87900	,
88.496	87820	87900	the
88.496	87980	88140	history
89.056	88220	88300	of
89.056	88380	88460	the
89.616	88540	88700	house
89.616	88940	89020	is
90.174	89100	89340	plain
90.733	89500	89580	now
91.296	90700	90700	,
91.296	90620	90700	but
91.296	90780	90860	there
91.296	90940	91020	is
92.417	91100	91340	always
92.417	91740	91820	a
92.976	91820	91980	stronger
92.976	92300	92460	sense
93.535	92540	92620	of
94.095	92860	93020	life
94.095	93500	93580	when
94.095	93580	93660	the
94.656	93740	93820	sun
94.656	93980	94060	is
95.214	94140	94300	brilliant
95.775	94620	94700	after
96.334	95100	95340	rain
96.895	96380	96380	,
96.895	96300	96380	and
97.455	96540	96620	now
97.455	96780	96860	he
97.455	96940	97020	is
98.017	97260	97500	pouring
98.017	97660	97740	down
98.574	97820	97900	his
99.135	97980	98300	beams
99.695	99020	99100	and
100.256	99180	99340	making
100.815	99660	100060	sparkles
100.815	100220	100460	among
101.376	100540	100620	the
101.936	100780	101100	wet
102.494	101340	101820	straw.
103.056	102460	102540	And
103.614	102620	102940	lighting
104.175	103100	103180	up
104.735	103500	103660	every
104.735	104060	104220	patch
105.296	104300	104380	of
105.296	104620	104860	vivid
105.855	104940	105100	green
106.415	105260	105500	moss
106.415	105820	105900	on
106.415	106060	106140	the
106.976	106140	106380	red
106.976	106380	106620	tiles
107.535	106780	106860	of
107.535	106940	107020	the
108.095	107020	107100	cow
108.654	107420	107500	shed
109.218	108540	108620	and
109.775	108700	108940	turning
109.775	109180	109260	even
109.775	109340	109420	the
110.335	109500	109740	muddy
110.894	109820	109980	water
111.457	110300	110380	that
111.457	110780	110860	is
111.457	110860	111100	hurrying
111.457	111100	111260	along
112.016	111260	111340	the
112.016	111420	111580	channel
112.576	111820	111900	to
112.576	111980	112060	the
113.135	112060	112380	drain
113.695	113100	113340	into
114.256	113420	113500	a
114.814	113660	113820	mirror
115.376	114700	114780	for
115.376	114780	114860	the
115.936	114860	115180	yellow
115.936	115420	115660	billed
117.056	115660	116060	ducks
117.056	116460	116540	who
117.056	116620	116700	are
117.616	116780	117180	seizing
117.616	117180	117260	the
118.175	117260	117580	opportunity
118.737	117900	117980	of
118.737	118060	118220	getting
118.737	118220	118300	a
119.856	118380	118700	drink
119.856	119260	119340	with
119.856	119500	119580	as
120.415	119660	119740	much
120.415	119820	119980	body
120.975	120220	120300	in
120.975	120380	120460	it
121.534	120540	120620	as
122.094	120860	120940	possible
122.655	122060	122140	for
123.216	122300	122380	the
123.216	122540	122620	great
123.776	122780	123020	barn
123.776	123180	123340	doors
123.776	123420	123500	are
124.336	123580	123820	thrown
124.336	123900	124060	wide
125.456	124140	124860	open,
125.456	124780	124860	and
125.456	124940	125020	men
126.017	125180	125260	are
126.017	125420	125580	busy
126.575	125740	125820	there
127.136	126220	126540	mending
127.136	126540	126620	the
127.455	126620	126940	harness
128.135	127700	127940	Under
128.699	127940	128020	the
129.256	128100	128900	superintendence
129.818	128980	129060	of
129.818	129220	129460	Mr.
130.936	129620	130420	Gobey,
131.497	130340	130420	the
132.056	130820	131460	widaw,
132.616	131460	131780	otherwise
133.174	131940	132260	saddler
133.736	132740	132820	who
133.736	133060	133380	entertains
134.294	133460	133540	them
134.855	133860	133940	with
134.855	134180	134260	the
135.415	134260	134580	latest
135.976	134820	135380	Streddleson
136.533	135460	135780	gossip
137.655	136660	136980	Hetty
138.214	137220	137700	Searle
138.776	138020	138260	often
138.776	138260	138420	took
138.776	138420	138500	the
139.894	138500	138820	opportunity
140.455	139780	139860	when
140.455	139860	139940	her
141.015	140100	140500	aunt's
141.015	140580	140660	back
141.576	140740	140820	was
142.135	140900	141060	turned
142.135	141620	141700	of
142.695	141780	141940	looking
142.695	142100	142180	at
143.256	142260	142340	the
143.256	142580	142820	pleasing
143.816	142980	143300	reflection
143.816	143380	143460	of
144.936	143540	143860	herself
144.936	144260	144340	in
145.495	144500	144580	those
146.056	144820	145220	polished
146.614	145460	145700	services
147.735	147140	147220	for
147.735	147220	147300	the
148.296	147380	147780	oak
148.296	147780	147940	table
148.855	148100	148180	was
149.419	148260	148500	usually
149.419	148740	148980	turned
149.975	149140	149220	up
149.975	149380	149460	like
150.535	149620	149700	a
151.095	149860	150020	screen
151.095	150500	150580	and
151.655	150740	150820	was
151.655	150980	151060	more
152.216	151300	151380	for
152.776	151540	151940	ornament
152.776	152180	152260	than
153.335	152340	152420	for
153.894	152660	152820	use
154.455	153860	153860	,
154.455	153780	153860	and
154.455	153940	154020	she
155.016	154100	154180	could
155.016	154340	154420	see
155.574	154420	154740	herself
156.695	155060	155620	sometimes
156.695	156020	156100	in
156.695	156180	156260	the
157.255	156260	156340	great
157.816	156660	156980	round
158.375	157220	157620	pewter
158.934	157700	158020	dishes
159.499	158500	158580	that
159.499	158820	158900	were
159.499	158900	159140	ranged
160.056	159220	159300	on
160.056	159380	159460	the
160.616	159460	159780	shelves
160.616	160100	160260	above
161.175	160420	160500	the
161.735	160660	160900	long
162.298	161220	161540	deal
162.298	161700	161940	dinner
162.854	162020	162180	table
163.415	162900	162980	or
163.976	163220	163300	in
163.976	163300	163380	the
163.976	163380	163700	hobs
164.534	163780	163860	of
164.534	163860	163940	the
165.096	164020	164500	great,
165.096	164420	164500	which
165.655	164580	164740	always
165.655	164980	165220	shone
166.215	165380	165460	like
166.774	165700	166020	jasper
167.896	167300	167300	.
167.896	167300	167380	Do
167.896	167460	167540	not
168.457	167620	168020	suppose,
169.014	168100	168580	however,
169.575	168740	168820	that
170.135	169140	169380	Missus
170.696	169540	170020	Poyser
170.696	170020	170100	was
171.254	170100	170500	elderly
171.816	170660	170740	or
172.376	171140	171540	shrewish
172.376	171700	171780	in
172.376	171860	171940	her
172.934	171940	172180	appearance
174.056	173460	173460	.
174.056	173460	173540	She
174.616	173620	173700	was
174.616	173940	174020	a
174.616	174020	174100	good
175.175	174180	174340	looking
175.734	174500	174740	woman
176.295	175700	175700	,
176.295	175780	175860	not
176.855	175940	176020	more
176.855	176180	176260	than
177.416	176420	176500	eight
177.416	176820	176900	and
177.974	176980	177140	thirty
179.096	178020	178100	of
179.096	178420	178500	fair
179.654	178580	178820	complexion
180.216	179060	179140	and
180.216	179540	179700	sandy
180.775	179780	180020	hair
181.336	180740	180740	,
181.336	180820	180900	well
182.456	181060	181860	shapen,
182.456	181940	182020	light
183.574	182100	182420	footed
184.136	183540	183540	.
184.136	183540	183620	The
184.695	183620	183780	family
185.255	184020	184500	likeness
185.816	184660	184820	between
186.375	185140	185220	her
186.375	185780	185860	and
186.935	185940	186020	her
187.496	186340	186580	niece
188.053	186820	187380	Dinamoras
188.616	188020	188020	,
188.616	188020	188100	with
188.616	188100	188180	a
189.175	188260	188660	contrast
189.737	188740	188900	between
189.737	189060	189140	her
190.854	189300	189940	keenness
191.415	190260	190340	and
191.976	190820	191140	Dinus
192.535	191460	191780	seraphic
193.096	192020	192500	gentleness
193.096	192500	192580	of
193.653	192580	192900	expression
194.775	194020	194100	might
194.775	194180	194260	have
195.335	194340	194500	served
195.335	194660	194740	a
195.895	194820	195060	painter
195.895	195380	195460	as
196.455	195620	195700	an
197.016	195860	196180	excellent
197.574	196420	196660	suggestion
198.137	197460	197540	for
198.137	197620	197700	a
198.695	197700	197940	Martha
198.695	198100	198180	and
199.253	198260	198420	Mary
200.377	199780	199780	.
200.377	199700	199780	Her
200.935	199860	200020	tongue
200.935	200260	200340	was
201.497	200420	200500	not
201.497	200820	200980	less
201.497	200980	201140	keen
202.055	201300	201380	than
202.055	201540	201620	her
202.614	201700	201780	eye
203.176	202580	202580	,
203.176	202500	202580	and
203.736	202660	202820	whenever
203.736	203060	203140	a
203.736	203220	203460	dam
204.296	203540	203780	soul
204.296	203780	203940	came
204.857	203940	204020	with
204.857	204180	204260	an
204.857	204340	204500	ear
205.414	204580	204740	shot
205.976	205300	205460	seemed
205.976	205460	205540	to
206.535	205540	205620	take
206.535	205860	205940	up
207.096	206020	206100	an
207.655	206420	206820	unfinished
208.214	206980	207140	lecture
208.777	207780	207860	as
208.777	208100	208180	a
209.336	208180	208500	barrel
209.336	208660	208900	organ
209.896	208980	209220	takes
209.896	209300	209380	up
209.896	209380	209460	a
210.454	209540	209780	tune
211.576	210420	210740	precisely
211.576	210900	210980	at
211.576	210980	211060	the
212.137	211060	211140	point
212.137	211540	211620	where
212.696	211780	211860	it
212.696	212020	212100	had
212.696	212180	212340	left
213.254	212340	212580	off
214.876	213880	213960	The
214.876	214280	214360	fact
214.876	214360	214440	that
214.876	214520	214600	it
215.436	214600	214680	was
215.995	214920	215320	churning
215.995	215400	215480	day
216.556	215720	215800	was
216.556	215880	216040	another
217.115	216120	216280	reason
217.675	216840	216920	why
217.675	217080	217160	it
217.675	217160	217240	was
218.794	217480	217880	inconvenient
218.794	218200	218280	to
219.355	218360	218440	have
219.355	218680	218760	the
220.476	218920	219560	widows
220.476	220040	220120	and
221.035	220200	220600	why,
222.155	220600	221000	consequently
222.715	221560	221800	Missus
223.276	222040	222520	Poyser
223.276	222600	222680	should
223.836	222760	223080	scold
224.399	223240	223800	Molly,
224.399	223800	223880	the
224.956	223880	224280	housemaid
224.956	224440	224520	with
226.075	224680	225080	unusual
226.635	225400	225720	severity
227.756	227080	227160	to
227.756	227160	227240	all
228.314	227320	227640	appearance
228.875	228200	228520	Molly
229.435	228680	228760	had
229.435	228760	228840	got
229.995	228920	229000	through
230.556	229320	229400	her
230.556	229880	229960	after
230.556	230040	230200	dinner
231.116	230200	230280	work
231.116	230520	230600	in
231.676	230760	230840	an
232.235	231000	231480	exemplary
232.794	231560	231720	manner
233.355	232440	232520	had
233.916	232760	233080	cleaned
233.916	233240	233400	herself
234.476	233560	233640	with
234.476	233800	233880	great
235.034	234040	234360	despatch
235.595	235000	235000	,
235.595	234920	235000	and
236.156	235080	235160	now
236.156	235560	235720	came
236.714	235720	235800	to
237.276	236040	236120	ask
237.834	236680	237080	submissibly
238.396	237800	237880	if
238.396	237880	237960	she
238.956	238040	238120	should
238.956	238360	238520	sit
239.518	238520	238680	down
239.518	238840	238920	to
239.518	238920	239000	her
240.635	239160	239560	spinning
240.635	239960	240040	till
241.195	240200	240600	milking
241.754	240600	240680	time
243.435	242200	242520	spinning
243.994	242840	243000	indeed
244.557	243960	244040	I
244.557	244040	244200	never
245.117	244280	244520	knew
245.117	244520	244600	your
245.674	244680	245000	equals
246.239	245400	245480	for
247.356	245640	246280	gallowsness
247.356	246760	246840	who
247.356	246920	247080	taught
247.916	247160	247240	you
247.916	247240	247320	to
248.475	247400	247640	scrub
248.475	247800	247880	a
249.036	247880	248040	floor
249.036	248440	248520	I
249.036	248680	248760	should
249.595	248840	248920	like
249.595	248920	249000	to
250.154	249080	249160	know
251.277	250200	250440	comb
251.277	250600	250680	the
251.277	250680	251000	wolf
251.277	251000	251080	for
251.836	251080	251160	the
252.396	251160	251720	widows
252.956	251800	251960	indeed
253.517	252440	252680	that's
253.517	252840	252920	what
253.517	252920	253080	you'd
253.517	253160	253240	like
254.075	253240	253320	to
254.075	253400	253480	be
254.636	253480	254040	doing,
254.636	253960	254040	is
255.194	254120	254200	it
255.758	255160	255160	?
255.758	255160	255320	That's
255.758	255400	255480	the
256.315	255560	255640	way
256.315	255800	255880	with
256.874	255960	256040	you
257.437	256840	256840	.
257.437	256840	257000	That's
257.997	257000	257080	the
257.997	257320	257480	road
257.997	257560	257720	you'd
258.556	257800	257880	all
258.556	257960	258040	like
258.556	258120	258200	to
259.115	258200	258280	go
259.676	258600	259160	headlongs
259.676	259240	259320	to
260.794	259400	259640	ruin
261.356	260760	260920	Mr.
261.917	261080	261640	Oatley's
263.035	261720	261880	indeed
263.035	262520	262600	you
263.596	262680	262760	are
263.596	263000	263080	a
264.158	263240	263560	raren
264.158	263640	263720	for
264.158	263800	263960	sitting
264.716	263960	264040	down
264.716	264040	264120	to
264.716	264200	264280	your
265.276	264280	264360	work
265.276	264840	264920	a
265.836	265000	265080	little
265.836	265240	265480	while
266.396	265560	265640	after
266.396	265880	266040	it's
266.957	266120	266200	time
266.957	266280	266360	to
266.957	266360	266520	put
267.514	266600	266680	by
269.193	268120	268360	money
269.755	269160	269240	my
270.315	269400	269800	iron's
271.435	269880	270600	twild
271.997	270920	271240	peace
271.997	271320	271480	put
271.997	271400	271480	it
272.555	271480	271640	down
272.555	271880	271960	to
273.114	271960	272200	warm
274.237	273640	273800	cold
274.237	273880	273960	is
274.796	274040	274120	it
274.796	274120	274200	my
275.355	274280	274520	darling
275.917	274920	275160	bless
275.917	275240	275320	your
275.917	275480	275640	sweet
277.036	275720	275960	face
277.036	276520	276760	she's
277.596	276840	277000	going
277.596	277000	277080	to
277.596	277160	277240	put
278.156	277240	277320	the
278.716	277480	277960	ironing
278.716	278040	278200	things
279.274	278200	278360	away
280.954	279960	280200	money
281.516	280840	280920	I
281.516	281000	281080	did
281.516	281160	281240	like
282.076	281320	281400	to
282.076	281400	281480	do
282.076	281560	281800	into
282.636	281880	281960	the
283.196	282040	282360	barn
283.196	282600	282680	to
283.756	282840	283080	Tommy
284.314	283480	283560	to
284.314	283640	283720	see
284.876	283720	283800	the
285.435	284200	284680	widowed
286.555	285480	285560	no
286.555	285960	286040	no
287.115	286360	286440	no
287.675	287000	287320	Toddy
288.236	287400	287480	had
288.236	287560	287640	get
288.236	287640	287720	her
288.236	287800	287960	feet
288.794	287960	288200	wet
289.356	288600	288840	said
289.915	288840	289000	Missus
290.477	289240	289960	Poyser,
291.036	289960	290280	carrying
291.036	290360	290520	away
291.595	290600	290680	her
292.154	290920	291080	iron
292.716	292120	292120	.
292.716	292120	292200	Did
293.275	292360	292440	ever
293.835	292600	292920	anybody
293.835	293160	293240	see
294.394	293400	293480	the
294.957	293720	294360	like?
294.957	294360	294600	screamed
295.517	294680	294920	Missus
296.638	294920	295880	Poyser,
296.638	295960	296120	running
297.195	296200	296440	towards
297.195	296520	296600	the
297.754	296600	296680	table
298.317	297640	297720	when
298.317	297800	297880	her
298.317	297960	298040	eye
298.876	298120	298200	had
298.876	298280	298440	fallen
299.437	298600	298680	on
299.437	298760	298840	the
299.995	298840	299000	blue
300.354	299320	299560	stream
301.697	301020	301500	Toddy,
302.255	301500	301820	however,
302.815	301900	301980	had
302.815	302140	302540	descended
303.375	302540	302620	from
303.375	302700	302780	her
303.375	302860	303020	chair
303.934	303180	303260	with
304.496	303340	303420	great
305.055	303820	304300	swiftness
305.055	304540	304620	and
305.615	304700	304780	was
306.176	304940	305100	already
306.176	305500	305580	in
306.735	305660	306060	retreat
306.735	306220	306460	towards
307.297	306540	306620	the
307.856	306780	306940	dairy
308.416	307580	307660	with
308.416	307740	307820	a
308.416	307820	307980	sort
308.976	307900	307980	of
309.535	308380	308780	waddling
310.096	308860	308940	run
310.096	309500	309580	and
310.096	309660	309740	an
310.655	309820	309980	amount
310.655	309980	310060	of
311.216	310220	310380	fat
311.216	310780	310860	on
311.776	310940	311020	the
311.776	311100	311340	nape
311.776	311420	311500	of
312.336	311500	311580	her
312.897	311660	311820	neck
312.897	312220	312300	which
312.897	312300	312460	made
313.454	312460	312540	her
313.454	312780	312860	look
313.454	313020	313100	like
314.016	313260	313340	the
315.137	313580	314380	metamorphosis
315.137	314460	314540	of
315.137	314540	314620	a
315.695	314700	314860	white
316.255	315100	315500	suckling
316.814	315580	315820	pig
317.377	316780	316780	,
317.377	316780	316860	and
317.377	316860	316940	she
317.935	316940	317020	was
317.935	317260	317340	very
318.495	317420	317500	fond
318.495	317820	317900	of
318.495	317900	317980	you
319.058	318060	318300	too,
319.058	318380	318540	Aunt
319.614	318540	318940	Rachel.
320.176	319500	319580	I
320.176	319580	319740	often
320.737	319900	320140	heard
320.737	320220	320300	her
320.737	320300	320540	talk
321.295	320460	320540	of
321.295	320620	320700	you
321.857	321020	321100	in
321.857	321180	321260	the
321.857	321260	321340	same
321.857	321420	321580	sort
322.415	321500	321580	of
322.975	321740	321820	way
322.975	322540	322620	when
323.535	322780	322860	she
323.535	322940	323020	had
324.096	323100	323180	that
324.096	323420	323660	bad
324.654	323740	323980	illness
325.217	324540	324620	and
325.217	324700	324780	I
325.217	324780	324860	was
325.775	324860	325020	only
325.775	325100	325340	eleven
326.335	325420	325580	years
326.896	325660	326300	old,
326.896	326300	326380	she
326.896	326380	326540	used
327.457	326540	326620	to
328.016	326780	327500	say,
328.576	327500	327740	you'll
328.576	327900	327980	have
328.576	327980	328060	a
329.136	328060	328220	friend
329.136	328460	328540	on
329.696	328620	328860	earth
329.696	329020	329100	and
329.696	329180	329260	your
330.256	329260	329500	Aunt
330.816	329580	329900	Rachel
330.816	330220	330300	if
330.816	330380	330460	I'm
331.375	330540	330780	taken
331.375	330780	330860	from
331.940	330940	331420	you,
331.940	331420	331500	for
331.940	331580	331660	she
332.495	331740	331820	has
332.495	331900	331980	a
333.056	331980	332140	kind
333.616	332380	332620	heart
333.616	333100	333180	and
334.178	333180	333340	I'm
334.178	333500	333580	sure
334.178	333660	333820	I've
334.735	333900	334060	found
334.735	334140	334220	it
335.294	334300	334380	so
336.416	335820	335900	and
336.978	335900	336060	there's
336.978	336300	336380	linen
336.978	336620	336700	in
336.978	336700	336780	the
338.096	336780	336940	house
338.096	337420	337500	as
338.096	337500	337580	I
338.096	337580	337660	could
338.657	337740	337820	well
338.657	338060	338300	spare
339.214	338380	338460	you
339.776	338940	339020	for
339.776	339100	339180	I
339.776	339260	339340	got
340.337	339420	339740	lots
340.337	339740	339820	of
340.896	339900	340220	sheeting
340.896	340300	340380	and
341.455	340620	340700	table
342.016	340940	341260	clothing
342.016	341340	341420	and
342.576	341580	342140	towelling
343.137	342380	342460	as
343.137	342540	342700	isn't
343.137	342700	342860	made
343.694	342860	342940	up
344.255	343660	343740	but
344.255	343820	343900	not
344.817	344060	344140	more
344.817	344220	344300	than
344.817	344380	344540	what's
345.375	344620	344700	in
345.375	344700	344780	the
345.935	344780	344940	Bible
346.496	345420	345580	Aunt
346.496	345820	345980	said
347.054	345980	346380	Dinah
348.176	347500	347660	Nay
348.176	347740	347900	dear
349.295	347900	348220	Aunt
349.295	348780	348860	you
349.857	348940	349100	never
349.857	349260	349420	heard
350.414	349500	349580	me
350.414	349740	349820	say
350.976	350060	350140	that
350.976	350300	350380	all
351.535	350460	350540	people
351.535	350860	350940	are
352.096	351020	351260	called
352.096	351420	351500	to
352.655	351580	351900	forsake
352.655	351980	352060	their
353.216	352060	352140	work
353.216	352540	352620	and
353.216	352620	352700	their
353.774	352700	352860	families
354.895	353900	353980	we
354.895	354220	354300	can
354.895	354300	354380	all
355.456	354540	354620	be
355.456	354780	355100	servants
356.015	355100	355180	of
356.577	355340	355500	God
356.577	355900	356140	wherever
357.136	356220	356300	our
357.136	356460	356620	lot
357.136	356700	356780	is
358.253	356860	357100	cast
359.376	358460	358540	but
359.376	358700	358780	he
359.376	358860	359020	gives
359.935	359020	359100	us
360.496	359340	359580	different
360.496	359820	359980	sorts
360.496	359980	360060	of
361.054	360140	360220	work
362.177	361020	361180	according
362.177	361500	361580	as
362.177	361660	361740	he
362.736	361820	361980	fits
362.736	362140	362220	us
362.736	362300	362380	for
363.295	362380	362460	it
363.295	362780	362860	and
363.856	362940	363100	calls
363.856	363260	363340	us
363.856	363340	363420	to
364.414	363500	363580	it
365.816	365140	365220	I
365.816	365220	365300	can
365.816	365380	365460	no
365.816	365460	365540	more
366.376	365620	365700	help
366.935	366020	366180	spending
366.935	366340	366420	my
367.498	366420	366580	life
367.498	366820	366900	in
367.498	367060	367220	trying
368.055	367300	367380	to
368.055	367460	367540	do
368.055	367620	367700	what
368.614	367700	367780	I
368.614	367940	368020	can
369.175	368340	368420	for
369.175	368580	368660	the
369.175	368660	368820	souls
369.735	368900	368980	of
370.295	369060	369220	others
370.855	370260	370260	,
370.855	370260	370340	then
370.855	370420	370500	you
370.855	370500	370580	could
371.415	370660	370740	help
371.974	370900	371060	running
371.974	371460	371540	if
372.535	371620	371700	you
373.096	371940	372100	heard
373.096	372420	372580	little
373.655	372660	372980	Toddy
374.216	373060	373300	crying
374.216	373540	373620	at
374.216	373620	373700	the
374.216	373700	373780	other
374.216	373780	373860	end
374.216	373940	374020	of
374.775	374020	374100	the
375.334	374180	374340	house
375.897	375300	375300	.
376.457	375460	375540	The
376.457	375860	376020	voice
377.016	376100	376180	would
377.016	376340	376420	go
377.016	376420	376500	to
377.016	376580	376660	your
378.138	376740	377540	heart.
378.138	377540	377620	You
378.138	377700	377780	would
378.697	377780	377860	think
378.697	378020	378100	the
379.256	378180	378420	dear
379.256	378580	378740	child
379.256	378820	378900	was
379.816	378980	379060	in
380.377	379140	379300	trouble
380.377	379700	379780	or
380.377	379780	379860	in
380.936	379860	380020	danger
381.496	380900	380900	,
381.496	380820	380900	and
381.496	380900	380980	you
382.056	381060	381220	couldn't
382.616	381380	381620	rest
383.179	381940	382180	without
383.179	382500	382660	running
383.179	382660	382740	to
383.735	382740	382820	help
383.735	383060	383140	her
383.735	383220	383300	and
384.295	383380	383620	comfort
384.858	383700	383940	her.
385.418	384580	384820	I've
385.976	384980	385140	strong
386.535	385380	385780	assurance
386.535	385940	386020	that
387.100	386180	386260	no
387.100	386500	386660	evil
387.657	386740	386820	will
387.657	386980	387140	happen
387.657	387220	387300	to
388.215	387300	387380	you
388.215	387540	387620	and
388.215	387700	387780	my
388.776	387860	388180	uncle
388.776	388420	388500	and
389.336	388580	388660	the
389.896	388660	388820	children
389.896	389380	389460	from
390.456	389540	389620	anything
390.456	389780	389940	I've
391.014	390020	390180	done
391.577	390980	390980	.
391.577	390980	391060	I
392.136	391060	391220	didn't
392.136	391460	391620	preach
392.695	391700	391860	without
393.255	392020	392180	direction
394.934	393780	394020	direction
395.497	394820	394900	I
395.497	394900	394980	had
396.057	395140	395220	a
396.057	395460	395540	common
396.616	395620	395940	patience
396.616	396020	396100	with
397.174	396100	396180	you
398.297	397700	397700	.
398.297	397620	397700	By
398.297	397700	397780	this
398.297	397780	397860	time
398.858	398100	398180	the
398.858	398260	398340	two
399.416	398340	398740	gentlemen
399.416	398820	398900	had
399.416	398900	399060	reached
399.976	399140	399220	the
400.538	399300	399860	palings
400.538	399860	399940	and
400.538	400020	400100	had
401.097	400180	400260	got
401.097	400420	400500	down
401.097	400580	400660	from
401.655	400740	400820	their
402.214	400980	401220	horses
402.776	402180	402180	.
402.776	402180	402260	It
403.337	402340	402420	was
403.337	402660	402820	plain
403.337	402900	402980	they
403.896	403060	403140	meant
403.896	403220	403300	to
403.896	403380	403460	come
404.454	403460	403540	in
405.015	404420	404420	,
405.576	404500	404740	said
405.576	404900	405140	Mister
406.134	405140	405540	Irwin
406.696	405860	405940	with
406.696	406020	406100	his
407.256	406180	406500	stately
408.374	406660	407300	cordiality
408.937	408340	408340	.
408.937	408340	408420	Oh
409.499	408660	408820	sir,
409.499	408900	409060	don't
409.499	409060	409220	mention
410.057	409220	409620	it,
410.615	409700	409860	said
410.615	409940	410180	Missus
411.736	410260	411140	Poyser.
412.296	411300	411380	I
412.296	411700	411860	delight
412.296	412020	412100	in
412.855	412100	412180	your
413.414	412180	412340	kitchen
413.977	413380	413380	.
414.536	413380	413780	Poiser
414.536	413860	413940	is
414.536	413940	414020	not
414.536	414020	414100	at
415.096	414100	414500	home,
415.096	414500	414580	is
415.655	414660	414740	he
416.217	415140	415380	said
416.217	415540	415700	Captain
417.336	415940	416820	Donniethorne,
417.336	416820	417060	sitting
417.898	417140	417380	himself
417.898	417460	417540	where
418.455	417620	417700	he
418.455	417780	417860	could
419.016	417940	418020	see
419.016	418340	418500	along
419.577	418500	418580	the
419.577	418900	419060	short
420.135	419060	419300	passage
420.135	419780	419860	to
420.695	419940	420020	the
421.257	420100	420260	open
421.257	420580	420740	dairy
421.814	420820	420900	door
422.377	421780	421780	.
422.377	421860	421940	No
422.936	422100	422420	sir,
422.936	422420	422500	he
423.494	422500	422660	isn't
424.057	423380	423540	he's
424.057	423620	423780	gone
424.616	423780	423860	to
425.176	424020	424500	Rosetter
425.176	424580	424660	to
425.176	424660	424740	see
425.735	424820	425060	Mister
426.296	425060	425460	West
426.296	425700	425780	the
426.855	425860	426020	factor
426.855	426260	426340	about
427.415	426500	426580	the
427.974	426820	427060	wool
428.535	428020	428020	,
428.535	427940	428020	but
429.096	428100	428340	there's
429.658	428500	428660	father
429.658	428980	429060	in
429.658	428980	429060	the
429.658	429060	429460	barn,
430.216	429460	429540	sir
430.216	429780	429860	if
430.777	429860	430180	he'd
430.777	430180	430260	be
430.777	430260	430340	of
430.777	430420	430500	any
431.894	430500	430740	use
433.274	432360	432440	Thank
433.837	432600	433240	you.
433.837	433240	433400	I'll
434.396	433480	433560	just
434.396	433720	433800	look
434.396	433800	433880	at
434.957	433960	434040	the
434.957	434280	434600	whelps
434.957	434680	434760	and
435.517	434760	435000	leave
435.517	435000	435080	a
435.517	435080	435240	message
436.075	435240	435320	about
436.075	435480	435560	them
436.075	435720	435800	with
436.637	435880	435960	your
437.193	436040	436360	shepherd
437.757	437160	437160	.
437.757	437160	437240	I
437.757	437320	437480	must
438.320	437560	437640	come
438.320	437720	437960	another
438.875	438040	438120	day
438.875	438360	438440	and
439.436	438520	438600	see
439.436	438760	438840	your
439.994	438840	439000	husband
441.118	440520	440520	.
441.118	440440	440520	I
441.118	440520	440600	want
441.118	440680	440760	to
441.676	440760	440840	have
441.676	441000	441080	a
442.235	441080	441400	consultation
442.235	441640	441720	with
442.796	441800	441880	him
442.796	442120	442200	about
443.914	442360	442760	horses
444.475	443880	443880	,
444.475	443880	443960	for
445.039	443960	444040	if
445.039	444360	444440	it's
445.039	444440	444680	anywhere
445.039	444680	444760	on
445.596	444840	444920	the
445.596	444920	445080	farm
445.596	445240	445320	we
446.155	445320	445400	can
446.155	445480	445560	send
446.155	445720	445800	for
446.716	445800	445880	him
446.716	446040	446120	in
446.716	446120	446200	a
447.274	446280	446360	minute
447.836	447240	447240	.
448.395	447400	447480	Oh
448.955	447880	448040	sir
449.516	448840	449000	said
450.077	449000	449240	Missus
450.077	449400	449800	Poyser
450.636	449880	450120	rather
451.195	450120	450360	alarmed
451.756	451080	451160	you
451.756	451160	451320	wouldn't
452.316	451400	451480	like
452.316	451640	451720	it
452.316	451720	451800	at
452.874	451880	451960	all
453.439	452840	452840	,
453.439	452760	452840	but
453.439	452920	453000	you
453.995	453160	453240	know
453.995	453400	453480	more
453.995	453560	453640	about
454.557	453720	453800	that
454.557	453960	454040	than
454.557	454200	454280	I
455.115	454280	454600	do,
455.677	454680	455240	sir.
455.677	455240	455320	I
456.237	455400	455480	think
456.237	455560	455640	I
456.237	455720	455800	should
456.237	455880	455960	be
456.795	455960	456120	doing
457.358	456200	456280	you
457.358	456680	456760	a
457.358	456760	456920	service
457.358	457000	457080	to
457.916	457160	457320	turn
457.916	457320	457400	you
457.916	457480	457560	out
458.477	457560	457640	of
458.477	457800	457880	such
458.477	457960	458040	a
459.034	458040	458200	place
459.596	459000	459000	.
460.156	459160	459240	I
460.156	459480	459560	know
460.716	459800	459880	his
460.716	460040	460200	farm
461.276	460200	460280	is
461.276	460600	460680	in
461.276	460680	460840	better
461.836	460840	461000	order
461.836	461160	461240	than
461.836	461320	461400	any
462.398	461480	461560	other
462.955	461800	462280	within
462.955	462360	462440	ten
462.955	462520	462680	miles
463.516	462680	462760	of
464.075	462840	462920	us
464.637	464040	464040	,
464.637	463960	464040	and
464.637	464120	464200	as
464.637	464200	464280	for
464.637	464360	464440	the
465.758	464440	465160	kitchen,
465.758	465080	465160	he
466.317	465240	465400	added
466.877	465640	466280	smiling,
466.877	466360	466440	I
467.436	466440	466520	don't
467.436	466760	466920	believe
467.997	467160	467480	there's
467.997	467480	467560	one
467.997	467560	467640	in
468.557	467720	467800	the
468.557	467880	468040	kingdom
468.557	468120	468200	to
469.116	468280	468440	beat
469.674	468440	468520	it
470.236	469320	469400	by
470.236	469640	469720	the
470.796	469720	469800	by
470.796	470280	470440	I've
471.357	470600	470760	never
471.357	470760	470920	seen
471.915	471080	471160	your
472.477	471240	471560	dairy
472.477	471960	472040	I
472.477	472120	472280	must
473.036	472280	472360	see
473.036	472440	472520	your
473.598	472600	472920	dairy,
473.598	472920	473080	Missus
474.154	473160	473480	Poyser
475.276	474360	474760	this,
475.276	474760	475000	Missus
475.837	475000	475400	Poyser
476.396	475480	475720	said,
476.956	475800	476040	blushing
476.956	476440	476520	and
477.516	476760	477000	believing
477.516	477080	477160	that
478.077	477160	477240	the
478.638	477400	477560	captain
478.638	477960	478040	was
479.196	478120	478200	really
479.755	478520	478840	interested
479.755	479080	479160	in
479.755	479240	479320	her
480.315	479400	479640	milk
480.874	479640	479960	pans
481.437	480520	480600	and
481.437	480760	480840	would
481.437	480920	481160	adjust
481.995	481160	481240	his
481.995	481320	481480	opinion
482.556	481640	481720	of
482.556	481880	481960	her
482.556	482120	482200	to
483.117	482280	482360	the
483.117	482440	482680	appearance
483.117	482760	482840	of
483.677	482920	483000	her
484.234	483080	483560	dairy.
485.358	484440	484840	Oh,
485.358	484840	485000	I've
485.358	485000	485080	no
485.916	485160	485320	doubt
486.478	485480	485640	it's
486.478	485800	485880	in
486.478	485880	486040	capital
487.034	486120	486280	order
