3.635	1860	2370	»Da
3.635	2370	2660	der
3.635	2980	3570	Weg
4.639	2570	2910	unter
4.639	2970	3350	seinem
5.647	3460	4330	abspringenden
5.647	4490	4710	Fuß
6.653	5200	5720	weiter
7.661	4940	5530	raste,
7.661	5610	7040	schwankte
7.661	7390	7570	er
8.661	6940	7040	und
8.661	7400	7800	fiel
9.675	7400	7900	gerade
9.675	7910	8190	vor
9.675	8360	8530	dem
10.671	8820	9670	Grabhügel
10.671	9670	9930	ins
10.795	9970	10690	Knie.
12.920	10860	11110	Zwei
12.920	11180	11550	Männer
12.920	11560	12000	standen
13.930	11850	12150	hinter
13.930	12180	12340	dem
13.930	12350	12570	Grab
13.930	12570	12720	und
14.937	13200	13610	hielten
14.937	13610	14090	zwischen
14.937	14090	14410	sich
15.939	14130	14400	einen
16.661	14770	15380	Grabstein
16.661	15380	15510	in
16.661	15510	15710	die
16.661	15710	16110	Luft.
19.619	17780	18140	Kümmert
19.619	18140	18430	sich
19.619	18490	18800	nicht
19.619	18800	18940	um
19.899	19130	19830	Mädchen.
23.027	19960	20140	Und
23.027	20250	20370	wird
23.027	20400	20820	trotzdem
23.027	20880	21300	niemals
24.027	21900	22170	seine
24.027	22240	22520	gute
24.027	22520	22810	Laune
24.116	22500	23400	verlieren.
30.006	28190	28360	Mein
30.006	28360	29050	achter
31.889	29060	29310	ist
31.889	29310	29550	ein
31.889	29550	31030	Schmerzenskind.
34.275	32240	32570	Ich
34.275	32570	33120	weiß
34.275	33120	34210	eigentlich
34.275	34210	34210	keinen.
36.096	34250	34550	Keinen
36.096	34550	34830	Grund
36.096	34830	35340	dafür.
39.781	37740	37740	Ich
39.781	38030	38210	habe
40.788	38230	38440	eine
40.788	38440	39440	Schustauwerkstatt
41.798	39310	39440	auf
41.798	39550	39650	dem
41.798	39650	39930	Platz
41.798	39930	40060	vor
41.798	40140	40270	dem
42.799	41050	41940	kaiserlichen
42.799	41940	42660	Palast.
44.788	42820	42920	Kaum
44.788	42920	43210	öffne
44.788	43340	43370	ich
45.792	43580	43630	in
45.792	43630	43820	der
45.792	43820	44830	Morgendämmerung
46.808	44830	45210	meinen
46.808	45210	45620	Laden,
47.813	45820	45930	sehe
47.813	45930	46120	ich
47.813	46120	46500	schön
47.813	46500	46690	die
48.669	46900	47490	Eingänge
48.669	47490	47960	aller
48.669	47960	47960	hier.
51.961	50150	50400	Während
53.981	50340	50500	der
53.981	50500	50830	vielen
53.981	50830	51100	Jahre
53.981	51100	51680	beobachtete
53.981	51700	51850	der
53.981	51930	52080	Mann
53.981	52080	52240	den
53.981	52240	52780	Türhüter
54.843	53370	53570	fast
54.843	53570	54750	ununterbrochen.
57.404	55340	55460	Er
57.404	55660	55940	vergisst
57.404	55940	56070	die
58.414	56180	56630	anderen
58.414	56630	57270	Türhüter
59.420	57290	57310	und
59.420	57720	57880	dieser
60.427	58010	58330	Erste
60.427	58330	58790	scheint
60.427	58790	58990	ihm
60.427	58990	59190	das
61.436	59130	59550	einzige
61.436	59630	60160	Hindernis
62.436	60020	60270	für
62.436	60270	60460	den
62.436	60460	60960	Eintritt
62.436	60960	61080	in
62.436	61080	61270	das
62.696	61230	61920	Gesetz.
66.417	64360	64830	Sollen
66.417	64830	65070	wir
66.417	65070	65390	aber
67.423	65430	65920	nichts
67.423	65920	66410	weiter
68.434	66260	66720	darauf
68.434	66720	67100	bauen
69.440	67100	67290	und
69.440	67330	67630	soll
69.440	67790	67930	sich
70.437	68080	68540	nichts
70.437	68560	69020	weiter
70.437	69020	69490	daraus
70.680	69650	70470	entwickeln,
72.666	70710	70890	was
72.666	70900	71200	ich
72.666	71200	71400	im
72.666	71400	71940	Garten
73.668	71660	72200	leiste,
73.668	72330	72410	du
73.668	72410	72560	im
74.680	72420	72840	Park,
74.680	72840	73110	soll
74.680	73330	73330	das
75.682	73340	73540	nur
75.682	73540	73820	für
76.284	74020	74390	einen
76.284	74390	74860	Siedler
76.284	74920	75270	getan
76.284	75270	75590	sein?
79.159	77100	77280	Es
79.159	77400	77730	nimmt
79.159	77730	78090	mich
79.159	78090	78540	nicht
80.168	78500	79190	Wunder,
81.176	78580	78760	wenn
81.176	79210	79210	solche
82.180	79790	80440	Künstler
82.180	80440	80660	nach
82.180	80750	80960	und
82.180	81070	81250	nach
83.190	81180	82010	verstockt,
84.200	82620	83720	gleichgültig
84.200	83720	84060	und
84.737	82990	83790	eigensinnig
84.737	83790	84630	werden.
87.705	84640	85090	Daraus
87.705	85090	85620	möchte
87.705	85620	85920	denn
87.705	85920	86760	entstehen,
87.705	86760	86960	was
88.711	86660	87160	wollte,
88.711	87180	87190	wenn
89.716	87760	87980	man
89.716	87980	88110	nur
89.716	88320	88550	nicht
89.716	88590	88990	gerade
90.722	88930	89410	darüber
90.722	89560	89720	die
91.733	89570	90270	Abbildungen
91.733	90270	90360	so
92.738	90050	90500	mancher
92.738	90500	90880	lieben
92.738	90880	91070	und
93.746	91220	91610	teuren
93.746	91610	92140	Menschen
94.186	92020	92590	entbehren
94.186	92590	93440	müsste.
97.244	95460	95540	Heraus
97.244	95720	95960	schreit
97.244	95960	96070	er
99.258	96430	96680	sin
99.258	96680	97010	Leid
99.258	97010	97250	und
99.258	97250	97330	Lust
99.258	97820	97850	und
99.258	97850	98290	rückt
100.267	98150	98270	sie
100.267	98290	98530	fest
100.267	98590	98740	im
101.271	98370	99090	Windgebraus
101.271	99120	99240	an
101.271	99240	99580	seine
102.273	99580	100180	klopfende
102.273	100180	100920	Brust.
103.283	100900	101070	Dann
103.283	101490	101750	gehen
104.287	102620	102950	heim
104.287	102950	103160	sie
104.287	103190	103430	Arm
105.300	102740	102930	in
105.300	102930	103410	Arm,
105.300	103410	103890	ach,
106.301	103930	103990	wie
106.301	103990	104250	das
106.301	104260	104620	Herz
106.301	104620	104890	ihr
106.301	104890	105410	klang,
107.312	105290	105410	wie
107.312	105820	105820	sie
108.321	105270	105350	an
108.321	105390	105660	ihn
108.321	105840	106050	jetzt
108.321	106050	106430	weich
108.321	106430	106630	und
109.281	106619	106919	warm
109.281	106919	107219	sich
109.281	107219	107829	schmiegt
109.620	107519	107729	auf
109.620	107739	108189	diesem
109.620	108189	108919	Gang.
113.614	110540	110640	El
113.614	110760	111270	beobachtete
113.614	111270	111440	mit
113.614	111440	111610	dem
113.614	111610	111780	Glas
113.614	111830	111970	die
114.617	112530	113170	Vorgänge
114.617	113210	113260	an
114.617	113360	113640	Deck
114.617	113640	113870	des
114.617	113870	114530	Schiffes.
117.750	114680	114830	Die
117.750	114980	115380	gefangenen
117.840	115410	115740	Matier
117.840	115760	115970	sind
117.840	115970	116520	jedenfalls
117.840	116520	116790	unter
117.840	116790	117140	Deck,
117.840	117140	117420	sagte
117.840	117420	117580	er.
120.545	118480	118620	Das
120.545	118760	118900	Schiff
120.545	118900	119040	ist
121.006	119040	119210	klar
121.006	119250	119360	zum
121.006	119390	119880	Gefecht.
121.006	119980	120090	Ich
121.006	120090	120930	glaube...
122.496	120940	121140	Man
122.496	121140	121410	will
122.496	121410	121610	auf
122.496	121610	121810	uns
122.496	121810	122430	schießen.
124.218	122540	122810	Willst
124.218	122810	122930	du
124.218	122930	123240	nicht
124.218	123240	123600	lieber
124.218	123740	124150	anhalten?
127.546	125480	125610	Mir
127.546	125780	126160	persönlich,
128.547	126190	126340	wie
128.547	126340	126490	dem
128.547	126490	127040	allgemeinen
129.556	127150	127700	Interesse,
129.556	127700	128160	entstehen
129.556	128160	128500	dadurch
130.570	128520	129460	Schwierigkeiten,
131.571	129620	129660	die
131.571	129660	129900	sich
131.571	129900	130120	noch
131.571	130120	130280	gar
131.571	130280	130550	nicht
131.709	130600	131010	absehen
131.709	131010	131600	lassen.
133.688	131620	132040	Bieten
133.688	132050	132270	Sie
133.688	132270	132630	allen
133.688	132650	133210	Einfluss
134.696	132700	132900	auf,
134.696	132940	132950	um
135.703	133120	133370	ISMAS
135.703	133370	133840	Rückkehr
135.703	133840	133940	zu
135.703	133980	134560	ermöglichen
136.712	134280	134420	und
136.712	134420	134710	kommen
136.712	134710	134800	Sie
136.712	135030	135230	selbst,
137.631	135930	136040	um
137.631	136040	136260	Ihre
137.631	136260	136540	Sache
137.631	136540	136650	zu
137.631	136650	137290	führen.
141.281	139220	139440	Die
141.281	139530	140250	politischen
142.293	139960	140640	Verhältnisse
143.300	140960	141630	bezeichnete
143.300	141630	141750	er
143.300	141750	141940	als
143.300	141940	142450	ziemlich
144.310	143300	144210	trostlos.
144.310	144210	144210	Seine
145.316	142500	143010	Ansicht,
145.316	143010	143240	dass
145.316	143240	143410	man
146.325	143540	143580	alle
146.325	143800	143910	von
146.325	143910	144060	den
146.325	144060	144470	Marziern
147.359	144540	145080	gestellten
147.359	145080	145690	Forderungen
148.344	146120	146620	bewilligen
148.344	146620	147020	müsse,
148.344	147020	147120	um
149.355	147020	147110	ihnen
149.355	147110	147330	jede
149.355	147330	147990	Veranlassung
149.355	147990	148070	zu
150.367	147190	147560	nehmen,
150.367	147560	147750	sich
150.367	147750	147840	in
150.367	147840	147980	die
151.369	148730	149350	menschlichen
151.369	149360	150150	Angelegenheiten
151.669	149870	150940	einzumischen,
155.853	152780	153090	5.
155.853	153120	153730	Anerkennung
155.853	153740	153910	der
155.853	153910	154920	Gleichberechtigung
156.862	154950	155100	der
157.862	155530	155990	Marzier
157.862	156000	156190	mit
157.862	156260	156540	allen
158.879	156460	156860	anderen
158.879	156860	157340	Nationen
158.879	157340	157460	in
159.876	156960	157230	Bezug
159.876	157250	157410	auf
161.303	158450	159490	Niederlassung,
161.303	159540	160130	Verkehr,
161.303	160130	160550	Handel
161.303	160550	160750	und
161.303	160750	161190	Erwerb.
163.699	161640	162450	Gleichzeitig
165.715	162340	163070	depäschierte
165.715	163090	163310	Kall
165.715	163310	163420	an
165.715	163420	163510	die
165.715	163580	164120	Regierung
166.727	164120	164410	aller
166.727	164410	164990	größeren
166.727	164990	165390	Staaten
167.731	165970	166170	den
167.731	166170	166560	Wunsch
167.731	166560	166750	der
168.736	166260	166880	Marsstaaten
169.748	166550	166830	über
169.748	166830	166990	die
169.748	166990	167280	beiden
169.748	167340	167710	letzten
169.748	167710	168040	Punkte
170.610	168370	168460	in
170.610	168460	169090	Verhandlung
170.610	169090	169200	zu
170.610	169200	169920	treten.
174.420	172680	173260	Gegen
174.420	173260	173760	5
175.425	173180	173490	Uhr
176.432	173450	173720	fiel
176.432	173720	173760	ein
176.432	174110	174440	Regen
176.432	174440	174990	gleich
177.436	175100	175450	einem
178.093	175870	176740	reisenden
178.093	176740	178010	Bergstrom.
181.184	178400	178490	Aber
182.190	178460	178630	es
182.190	178630	179200	stillte
182.190	179300	179710	wieder
182.190	179710	179820	den
182.190	179960	180300	Wind
182.190	180300	180510	noch
182.275	180760	180890	das
182.275	180890	181520	Meer.
186.404	183260	183630	Natur
186.404	183630	183890	im
186.404	183990	184300	Mea
186.404	184300	185510	400
186.404	185510	186080	Zein.
188.395	186550	187000	Nein,
189.403	186950	187260	sie
190.414	187160	187760	mahin,
190.414	187890	188060	das
192.417	188010	188940	Meerwasser
192.417	188940	189060	wieder
192.417	189530	190060	leicht
192.417	190060	191070	verdunchtet
193.424	190960	191160	und
194.434	191290	192320	verhindern,
194.434	192320	192680	dass
194.434	192680	192940	die
194.434	192970	193400	Winde
195.433	193920	194590	demselben
196.436	194550	194930	eine
197.443	194930	195120	zu
197.443	195120	195680	große
197.443	195750	196120	Menge
197.443	196170	196450	von
198.449	196450	197110	Dunsten
199.451	197550	198490	entziehen,
200.458	198140	198900	welche,
200.458	198980	199370	indem
201.467	199690	199950	sie
201.467	200020	200370	sich
201.467	200370	200560	im
201.467	200560	201330	Wasser
202.246	200520	201670	auflösen,
206.911	203150	203370	denken
206.911	203370	203800	Sie,
206.911	203800	204310	soeben
208.320	204190	204560	eben
208.320	204560	205100	walten
208.320	205100	205550	meine
208.320	205560	206300	Gedanken
208.320	206300	206570	bei
208.320	206570	207030	Ihnen
208.320	207030	207210	in
208.320	207210	208230	Adelaide,«
210.301	208270	208500	und
210.301	208500	208760	ich
210.301	208760	209530	wünschte
210.301	209530	209960	mir,
211.312	210040	210210	Sie,
212.552	210400	211170	herzalben
212.552	211170	211340	zu
212.552	211340	212470	können.«
213.894	212910	213830	»Nun!«
215.979	213970	214240	»Das
215.979	214240	214560	habe
215.979	214560	214800	ich
215.979	214800	215870	gelungen.«
218.865	215900	216220	lachte
218.865	216220	217120	Münchhausen.
218.865	217120	217560	»Da
218.865	217560	217890	bin
218.865	217890	218790	ich!«
220.861	218860	219110	»Und
220.861	219280	219360	was
220.861	219360	219430	mich
220.961	219670	220640	herführt?«
223.904	221840	222190	»Sie
223.904	222190	222560	waren
223.904	222560	223150	darüber
224.908	223020	223590	sämtlich
225.920	223560	223960	außer
225.920	223960	224220	sich
225.920	224220	224280	und
226.925	224270	224660	warfen
226.925	224660	224850	die
226.925	224850	225420	Hündchen
226.925	225420	225620	aus
227.931	225620	225790	den
227.931	225880	226320	Fenstern
227.931	226320	226800	hinaus,
228.941	226750	226890	die
228.941	226940	227110	auf
228.941	227280	227320	dem
229.950	227360	228180	Steinpflaster
229.950	228180	228370	des
229.950	228370	228680	Hofes
230.951	228770	228770	ihr
230.951	229030	229290	Leben
231.353	229400	229730	elend
231.353	229730	231140	endigten.«
234.243	232200	232460	»Der
234.243	232510	232790	König
235.247	232810	233230	wollte
235.247	233230	233440	nun
235.247	233440	233650	die
235.247	233650	234500	Gesellschaft
236.255	234090	234600	erheitern
236.255	234600	234890	durch
237.261	235160	235290	das
237.261	235420	235850	große,
237.261	235850	236410	angesagte
237.722	236870	237380	Konzert.
241.082	239040	239200	Von
241.082	239360	239500	einer
242.090	239680	240650	Streckleiter
242.090	240650	240910	zur
242.090	240910	241470	anderen
243.093	241120	241330	hat
243.093	241330	241470	man
243.538	242000	242400	Seile
243.538	242400	243440	angebracht,
243.538	243450	243450	einstieg.«
245.528	243500	243660	»An
245.528	243660	243810	die
245.528	243810	243980	sich
245.528	244080	244160	die
246.536	244080	244420	Insassen
246.536	244440	244570	bei
246.536	244570	244700	dem
247.540	245030	245530	Schwanken
247.540	245530	245700	des
247.540	245700	246140	Schiffes
247.918	246390	247000	festhalten
247.918	247000	247830	können.«
252.217	249160	249700	»Robert
252.217	249700	250120	Curtis
252.217	250120	250310	hat
252.217	250340	250610	auch
252.217	250610	250860	noch
253.212	250720	250860	ein
253.212	250900	251120	Dach
253.212	251200	251360	zum
254.223	251290	251810	Schütze
254.223	251810	251930	der
254.223	252010	252400	beiden
254.223	252400	252790	Frauen
255.067	252690	252990	über
255.067	252990	253170	dem
255.067	253170	253740	Mastkorbe
255.067	253740	254290	anbringen
255.067	254300	254970	lassen.
259.699	257680	257830	Wir
259.699	257990	258240	kennen
259.699	258240	258500	alle
260.715	258420	258720	genug
260.715	258720	259340	Beispiele,
261.719	259260	259600	welche
261.719	259600	259770	uns
261.719	259770	259930	die
262.726	259990	260610	peinlichste
263.607	261100	261580	Vorsicht
263.607	261630	262050	geraten
263.607	262050	262700	erscheinen
263.607	262700	263440	lassen.«
267.798	263720	264040	»Und
267.798	264040	264300	wenn
267.798	264300	264490	wir
267.798	264490	265010	wirklich
267.798	265010	265090	den
267.798	265200	265580	Becher
267.798	265590	265780	des
267.798	265780	266350	Unglücks
268.802	266400	266580	bis
268.802	266680	266790	zum
268.802	266850	267250	letzten
268.802	267250	267710	Tropfen
269.811	267790	268190	leeren
269.811	268190	268810	sollen,
270.814	268990	269140	so
270.814	269140	269420	wird
270.814	269420	269560	es
271.822	269560	269750	uns
271.822	269780	270540	beruhigen,
272.837	270180	270490	getan
272.837	270490	270580	zu
272.837	270600	271040	haben,
273.837	271420	271610	was
273.837	271640	271780	in
273.837	271780	272290	unseren
274.397	272710	273350	Kräften
274.397	273350	274240	stand.«
278.552	275530	275870	»Ah,
278.552	275870	276540	Monstre!
279.111	276760	276790	Ich
279.111	277270	277400	werde
279.111	277400	277800	meine
279.111	277800	278200	Leute
279.111	278200	279030	rufen!«
281.115	279230	279420	»Es
281.115	279420	279700	ist
281.115	279700	280360	niemand
281.115	280360	281040	da.«
282.119	279850	279980	Und
282.119	279980	280490	Rotkäppchen
282.119	280490	280620	ist
283.119	280940	281090	noch
283.119	281160	281430	50
283.119	281550	281840	Schritt
284.130	282580	282700	vom
284.130	282700	283030	Haus
284.130	283220	283990	entfernt.«
285.143	283140	283690	»Ungeheuer!
286.030	284110	284470	Zittre
286.030	284570	284690	vor
286.030	284690	285130	meinem
286.030	285130	285910	Fluch!«
287.986	286040	286480	»Madame,
288.989	286690	286950	Brille
288.989	286990	287140	und
288.989	287140	288040	Schlüsselbund
289.079	288090	288990	herunter!«
291.063	289100	289250	»Ihr
291.063	289250	289600	letzter
291.063	289610	290050	Augenblick
291.147	290160	290320	ist
291.147	290320	291060	gekommen.«
294.699	292280	292400	In
294.699	292580	292600	dem
294.699	292600	292860	trat
294.699	292860	293610	Rotkäppchen
294.699	293680	294040	ein.
296.705	294640	295200	»Schönen
296.705	295200	295490	guten
296.705	295490	295740	Tag,
296.804	295840	296730	Großmama!«
300.211	297380	298010	»Bonjour,
300.211	298010	298660	Appetit!
300.211	298850	299060	Küss
300.211	299060	299270	mir
300.211	299270	299470	die
300.211	299470	300130	Hand!«
303.170	301120	301330	»Was
303.170	301430	301530	sangst
303.170	301640	301700	du
303.170	301700	301840	denn
304.180	301930	302080	für
304.180	302080	302140	ein
304.180	302230	302490	Lied,
304.180	302490	303000	Großmama,
304.660	303330	303490	als
304.660	303490	303650	ich
304.660	303650	304570	hereintrat?«
307.327	305260	305640	»Hm,
308.336	305580	305660	es
308.336	305660	305850	wird
308.336	305850	305910	wohl
308.336	306090	306110	ein
308.336	306280	306450	Lied
308.336	306450	306610	aus
308.336	306610	306770	dem
309.177	307250	307870	Gesangbuch
309.177	307870	308350	gewesen
309.177	308350	309090	sein.«
312.537	310720	310940	Auf
312.537	310960	311690	diese
312.537	311690	312470	Weise
314.561	311830	312020	sagte
314.561	312280	312330	er
314.561	312330	312540	sehr
315.570	312650	313630	selbstzufrieden
315.570	313630	313760	zu
315.570	313760	314190	sich,
316.572	313750	314300	»entgehe
316.572	314490	314490	ich
316.572	314500	314800	jeder
317.578	314990	315550	lästigen
317.578	315630	316420	Untersuchung,
318.588	316140	316320	und
318.588	316320	316420	mein
318.588	316600	316980	kleines
319.595	317080	317630	Abenteuer
319.595	317630	318360	hinterlässt
319.773	318510	318760	keine
319.773	318830	319650	Spur.«
323.775	319730	320390	»Vornehme
323.775	320400	320820	Herren
323.775	320820	321520	amüsieren
323.775	321520	321790	sich
323.775	321790	322220	gern,
324.786	321740	321950	doch
324.786	321960	322300	wollen
324.786	322300	322460	sie
324.786	322460	322830	nicht,
325.788	323080	323290	daß
325.788	323330	323500	die
325.788	323500	323690	Leute
325.788	323800	324100	davon
325.788	324100	324710	sprechen,
326.799	324510	324590	sie
326.799	324610	324960	ziehen
326.799	324960	325230	nicht
327.802	325360	325540	ans
327.802	325540	325830	Licht
327.802	325830	326060	ihre
328.143	326060	326460	kleinen
328.143	326470	327470	Schwächen.«
