3.051	1000	1120	y
3.051	1320	1490	las
3.051	1490	2040	almas
4.068	2580	2850	buscando
5.067	3320	3530	algún
5.067	3670	4040	alivio
6.080	4080	4080	se
7.079	4330	4850	revuelven
7.079	4850	5510	ansiosas
7.079	5510	5590	y
7.382	5590	6010	hacen
7.382	6010	6170	el
7.382	6170	6900	mundo.
8.677	7340	8020	¿Quién
8.677	8330	8610	sí?
10.674	8620	10000	Resulta
10.674	10000	10410	ser
11.680	9950	10350	del
11.680	10350	11030	dolor
11.940	10900	11280	obra.
14.039	12260	12260	El
14.039	12310	12970	dolor
15.043	12980	13180	o
15.043	13180	13570	la
15.043	13570	14970	nada.
16.052	13670	14010	Quien
16.052	14220	14350	tenga
16.052	14350	14880	corazón
16.974	15420	15860	venga
16.974	15860	15930	y
16.974	16130	16630	escoja.
20.960	19170	19430	Cuando
20.960	19580	20110	calla
20.960	20110	20330	el
20.960	20330	20890	dolor,
23.028	21010	21010	se
23.028	21100	21260	oye
23.028	21260	21320	a
23.028	21320	21440	la
23.028	21440	21820	muerte
24.033	22290	22540	las
24.033	22720	22960	alas
24.033	22960	23950	tenebrosas
25.038	23380	23770	batir
25.038	23770	23930	en
26.042	24560	24820	los
26.042	24820	25950	profundos,
27.050	25160	25530	cual
27.050	25530	25660	si
28.058	25560	26010	fuesen
28.058	26010	26240	las
28.058	26240	26510	olas
28.946	27100	27360	del
28.946	27360	27640	mar
28.946	27640	27810	de
28.946	27850	27970	la
28.946	28120	28840	ilusión.
30.902	28870	28970	En
30.902	28970	29170	que
30.902	29170	29370	los
30.902	29370	29640	seres
31.424	29750	29960	sin
31.424	29960	30310	rumbo
31.424	30310	30880	vogan.
33.562	31500	32320	Donde
33.562	32320	32610	se
34.566	32220	32610	mecen
34.566	32690	33360	frágiles
35.573	33290	34150	barquillas
36.576	34900	34900	las
37.036	34610	35370	fugitivas
37.036	35460	36200	formas.
40.970	37900	38270	Echar
40.970	38340	38540	fuera
40.970	38740	38820	la
40.970	38820	39110	vida
40.970	39170	39200	y
40.970	39200	39680	acallar
41.978	39360	39540	las
41.978	39540	40200	domésticas
42.991	40390	41050	cuestiones
42.991	41050	41160	con
42.991	41350	41380	el
43.994	41440	41840	güero
43.994	41840	42230	fragor
44.570	42260	42310	de
44.570	42460	42580	las
44.570	42580	43650	políticas.
46.853	44780	44900	No
46.853	44900	45200	hagas
46.853	45200	45440	caso
46.853	45440	45480	a
46.853	45510	45680	los
46.853	45680	46100	hombres
47.856	46400	46610	que
47.856	46620	46770	se
47.856	46770	47200	juntan
47.856	47200	47270	y
47.856	47270	47770	gritan.
51.093	48250	48560	Hojas
51.093	48680	48930	sus
51.093	48930	49520	gritos
52.088	49700	50050	son
52.088	50060	50300	que
52.088	50500	50660	el
52.327	50800	51530	viento
52.327	51530	52250	lleva.
54.322	52280	53140	Mientras
54.322	53140	53360	en
54.322	53360	54260	silencio
55.324	53980	53980	su
55.990	54030	54440	dolor
55.990	54440	55300	radica.
62.053	57190	57190	Al
62.053	57290	57810	cerrar
62.053	57810	58020	la
62.053	58020	58550	noche
62.053	58550	58750	no
62.053	58830	59390	podía
62.053	59390	59700	Ana
62.053	59700	60130	menos
62.053	60260	60410	de
62.053	60560	61150	sonreír
63.072	61780	62170	ante
63.072	62200	62430	la
64.061	62000	62430	idea
64.061	62430	62640	de
64.061	62640	63180	haber
65.076	63610	64290	venido
66.068	65100	65170	a
66.068	65250	65720	Lime
67.072	65710	65820	a
67.072	65830	66970	predicar
68.085	65460	66760	resignación
69.085	66850	66920	y
69.085	66920	67850	paciencia
69.085	67940	68010	a
70.102	67220	67380	un
70.102	67470	68000	hombre
70.102	68000	68100	a
70.102	68100	68610	quien
71.119	68860	69310	nunca
71.119	69310	69930	había
71.262	70110	71060	visto.
73.184	71310	71450	Pero
73.184	71450	71610	le
74.184	71630	72300	sugería
74.184	72300	72580	más
74.184	72750	73130	serias
75.199	73670	74830	reflexiones
76.193	74500	74690	el
76.193	74690	75180	hecho
76.193	75180	75370	de
76.193	75370	75660	que
76.554	75760	76220	ella...
79.303	77460	77460	El
79.303	77530	78250	Capitán
80.305	78380	78850	Harville
81.309	79270	79390	no
81.309	79390	79520	se
81.309	79640	80000	había
82.325	79790	80160	aún
82.325	80160	81250	restablecido
83.323	81710	81900	de
83.323	81900	82180	una
83.323	82180	82650	grave
84.334	82410	82990	herida
84.334	82990	83270	que
85.329	83070	83910	recibiera
85.329	83910	84180	dos
86.330	85060	85450	años
86.330	85990	86230	antes.
88.352	86050	86150	y
88.352	86150	86350	la
88.352	86350	87150	ansiedad
89.265	87640	87890	que
89.265	87890	88490	tenía
91.676	89630	89720	a
91.676	89920	90220	la
91.676	90220	91610	poesía
92.686	92610	92610	y
96.705	91050	92350	añadióle
96.705	92350	92740	que
96.705	92740	93010	era
96.705	93410	93520	una
96.705	93520	94560	lástima
96.705	94560	94950	que
96.705	94950	95600	ésta
97.716	95440	96080	pudiera
97.716	96170	96440	ser
98.720	96650	97730	dulcemente
99.729	98020	98620	gozada
99.729	98740	99220	rara
100.731	99680	100610	vez
100.731	100610	100610	por
100.731	100610	100610	los
100.731	100610	100610	que
101.736	99300	99740	eran
101.736	99740	100670	realmente
102.743	100360	101110	capaces
103.750	101050	101210	de
103.900	101210	102470	comprenderla
103.900	102470	102550	a
103.900	102710	103300	fondo.
106.723	104730	104840	mas
106.723	104970	105440	pensaban
106.723	105580	105760	que
106.723	105760	105910	no
107.726	106190	106500	iré
107.726	106500	106590	a
107.726	106590	106960	todo
108.739	106190	106340	tan
108.739	106340	106660	bien
109.750	107090	107260	si
109.750	107260	107410	no
109.750	107530	107790	fuese
109.750	107790	108020	por
109.750	108020	108170	la
110.754	107720	108180	extrema
110.754	108180	108920	corrección
110.754	108920	109010	de
111.758	110040	110180	los
111.758	110180	110810	señores
111.758	110810	110980	de
111.874	110980	111670	musgrove.
113.736	111770	111960	que
113.736	111960	112240	era
113.736	112240	113000	habitual
113.856	113080	113190	en
113.856	113260	113790	ellos.
115.859	113870	113890	y
115.859	113890	114170	por
115.859	114170	114280	el
115.859	114360	115070	continuo
116.868	115270	116190	charlar,
118.620	116190	116610	reir
118.620	116660	116710	y
118.620	116710	117330	cantar
118.620	117330	117540	de
118.620	117540	117830	sus
118.620	117840	118440	hijas.
122.891	120130	120700	enseguida
122.891	120700	121820	comprendió
123.898	121820	121990	lo
123.898	121990	122590	natural
123.898	122590	122850	que
123.898	122850	122940	era
124.894	122880	122950	el
124.894	123180	123300	que
125.137	123520	123700	la
125.137	123700	124350	señora
125.137	124350	124470	de
125.137	124520	125050	croft.
129.314	125240	126150	ocuparase
129.314	126150	126250	y
129.314	126250	126950	hablara
129.314	126950	127150	de
129.314	127150	127500	eduardo
129.314	127860	127950	y
129.314	127950	128150	no
129.314	128150	128350	de
129.452	128260	129370	federico.
131.442	129460	129460	y
131.442	129560	130400	avergonzada
131.442	130400	130570	de
131.945	130900	131070	su
131.945	131070	131870	torpeza,
133.941	131990	132810	dedicose
133.941	132810	132920	a
134.946	132610	133260	inquirir
134.946	133400	133510	con
134.946	133510	133670	el
134.946	133670	134110	debido
135.951	135090	135870	interés
136.959	135090	135410	acerca
136.959	135490	135770	del
137.970	135750	136080	nuevo
137.970	136210	136510	estado
138.729	136990	137030	de
138.729	137030	137220	su
138.729	137220	137890	antiguo
138.729	137890	138560	vecino.
141.921	140080	140080	fue
141.921	140180	140220	el
141.921	140220	140660	primer
142.922	140740	141140	negro
142.922	141140	141940	pensamiento
143.935	141890	142050	que
143.935	142050	142560	surgió
144.656	142990	143060	en
144.656	143060	143260	la
144.656	143260	143760	mente
144.656	143760	143960	de
144.656	143960	144570	maría.
147.424	144600	144710	y
147.424	144890	145950	disponíase
147.424	145950	146160	ya
147.424	146270	146290	a
147.424	146290	147350	enfadarse,
149.421	147390	147790	cuando
149.421	147820	148020	luisa
149.421	148220	148380	lo
149.761	148560	149120	explicó
149.761	149120	149690	todo.
151.757	149800	150360	diciendo
151.757	150440	150650	que
151.757	150650	150820	si
152.036	150970	151370	venía
152.036	151540	151640	a
152.036	151640	151970	pie,
154.039	152120	152240	era
154.039	152240	152580	para
154.039	152580	153010	dejar
155.050	153530	153980	sitio
155.050	154420	154450	al
155.050	154450	154970	arpa
156.051	154420	154420	que
156.051	154420	155070	traían
156.051	155070	155260	en
156.051	155260	155450	el
156.172	155330	156040	coche.
159.364	157610	157870	así
159.364	157870	158150	es
159.364	158150	158430	la
159.364	158430	159290	verdad,
160.364	160290	160290	respondió
160.364	160290	160290	la
160.364	160290	160290	doncella.
162.137	160580	160660	y
162.137	160660	160910	esa
162.137	160910	161210	hija
162.137	161260	161470	soy
162.137	161690	162050	yo.
164.127	162070	162280	si
164.127	162360	162520	la
164.127	162520	162980	fama
164.127	162980	163660	miente
165.139	163440	163530	o
165.139	163560	163740	no
165.139	163740	163940	en
165.139	163940	164130	mi
166.141	163560	164310	hermosura,
166.141	164310	164400	ya
167.149	164640	164640	os
167.149	164860	165360	sabréis,
168.159	166000	166700	señores
169.100	165840	166820	desengañado,
169.100	166820	167090	pues
169.100	167090	167120	me
169.100	167450	167730	habéis
169.100	167730	168360	visto.
171.934	170090	170090	el
171.934	170210	170510	otro
171.934	170510	171440	contrario
172.009	171440	171880	dijo,
174.500	172690	174430	señor
174.500	174430	174430	gobernador,
175.511	173590	173700	yo
175.511	173890	173890	la
175.511	174070	174270	diré
176.312	174690	174930	con
176.312	174930	175260	toda
176.312	175260	176000	brevedad.
178.302	176320	176970	vuestra
178.302	176970	177500	merced
179.310	177070	177480	sabrá
179.310	177480	177750	que
179.310	177750	178110	este
180.315	178080	178510	gentil
180.315	178510	178860	hombre
180.315	179020	179300	acaba
180.315	179300	179420	de
181.325	179020	179290	ganar
181.325	179290	179710	ahora,
182.332	180310	180390	en
182.332	180390	180680	esta
182.332	180680	180950	casa
182.332	180970	181160	de
183.333	181110	181470	juego
183.333	181470	181560	que
183.333	181710	182040	está
184.346	181740	182140	aquí,
184.346	182290	182870	frontero,
185.345	183850	184200	más
185.345	184200	184370	de
185.345	184370	184610	mil
186.355	184370	184980	reales,
186.715	185000	185050	y
186.715	185130	185360	sabe
186.715	185360	185640	dios
186.715	185730	186240	cómo.
189.543	187720	187720	Pero
189.543	187790	187890	él
189.543	187900	188020	se
189.543	188020	188130	las
190.547	188280	188680	tenía
190.547	188690	189090	tiesas
190.547	189090	189140	a
190.547	189150	189660	todos.
193.568	190330	190700	maguera
193.568	190700	191260	tonto,
193.568	191270	191760	bronco
193.568	191760	191840	y
193.568	191840	192450	rollizo,
194.574	192440	192440	y
194.574	192670	192720	dijo
194.574	192920	192920	a
194.574	192950	193160	los
195.583	193280	193530	que
195.583	193530	193780	con
195.583	193780	194030	él
195.583	194030	194470	estaban
196.589	194190	194210	y
196.589	194210	194360	al
196.589	194360	194790	doctor
196.589	194830	195220	Pedro
196.725	195220	196000	Recio,
199.043	197240	197240	como
199.043	197290	197370	se
199.043	197370	197760	acabó
199.043	197760	197890	el
200.049	198040	198590	secreto
200.049	198590	198650	de
200.049	198740	198860	la
200.049	198940	199280	carta
201.062	198940	199110	del
201.062	199110	199550	duque,
202.064	199420	199570	había
202.064	199990	200190	vuelto
202.064	200190	200250	a
202.064	200250	200630	entrar
202.064	200630	200730	en
202.064	200790	200870	la
202.169	200870	201440	sala.
208.316	204240	204410	como
208.316	204500	204690	con
208.316	204690	204940	esas
208.316	204940	205270	cosas
208.316	205270	205650	libera
208.316	205650	206100	vuestra
208.316	206100	206480	merced
208.316	206480	206610	si
208.316	206610	207000	vive,
209.321	207760	208330	respondió
209.321	208720	208720	el
210.325	209830	210220	pai.
213.354	208240	208660	par
213.354	208660	209400	dios,
213.354	209400	210130	términos
213.354	210180	210530	lleva
213.354	210530	210690	de
213.354	210770	211250	caminar
213.354	211250	211490	con
213.354	211490	212290	papayigo,
215.361	211570	211900	Higo
215.361	211900	212150	con
215.361	212150	212570	solos
215.361	212810	212820	dos
215.361	212820	213250	meses
215.361	213250	213450	que
215.361	213670	213670	le
215.805	214180	214520	dure
215.805	214550	214730	el
215.805	214730	215520	gobierno.
219.036	216980	217090	y
219.036	217270	217440	por
219.036	217440	218020	ahora
220.049	218020	218590	Sanchica
221.053	219050	219450	atiende
221.053	219450	219510	a
221.053	219510	219710	que
221.053	219710	219840	se
221.715	219980	220580	regale
221.715	220580	220980	este
221.715	220980	221620	señor.
223.696	221730	222110	ponen
223.696	222110	222500	orden
223.696	222580	222960	este
224.716	222960	223640	caballo
225.717	223400	223460	y
225.717	223460	223790	saca
225.717	223790	223950	de
225.717	223950	224020	la
225.717	224110	225030	caballeriza
226.726	225910	226630	huevos
226.726	226630	226630	y
227.728	226070	226520	corta
227.728	226520	226900	tocino
227.728	227050	227150	a
228.741	226660	227110	dunia
228.741	227200	227200	y
229.746	226730	227470	démosle
229.746	227470	227650	de
229.746	227650	228010	comer
229.746	228120	228480	como
230.757	228590	228650	a
230.757	228650	228780	un
230.757	228780	229380	príncipe
231.757	229370	229470	que
231.757	229620	229690	las
231.757	229850	230170	buenas
231.757	230170	230570	nuevas
232.766	230830	231020	que
232.766	231020	231210	nos
232.766	231210	231340	ha
232.766	231340	231790	traído
232.766	231790	231850	y
233.774	231700	231820	la
233.774	231820	232020	buena
233.774	232140	232350	cara
233.774	232500	232550	que
234.699	232170	232350	él
234.699	232500	232760	tiene
234.699	232760	232810	lo
234.699	232920	233330	merece
234.699	233330	234020	todo.
237.502	235610	235610	Que
237.502	235720	235720	un
237.502	235740	235940	palo
238.342	236310	237110	compuesto
238.342	237110	237290	no
238.342	237290	237720	parece
238.342	238130	238270	palo
240.343	238310	238420	no
240.343	238420	238680	digo
240.343	238760	238910	que
240.343	238910	239400	traigas
241.350	239970	240230	dijes
241.350	240550	240710	ni
241.350	240720	241270	galas
242.363	240550	240640	ni
242.363	240690	240880	que
242.363	240880	241340	siendo
242.363	241340	241640	juez
243.363	241720	241880	te
243.363	241880	242330	vistas
243.363	242390	242640	como
244.374	242520	242970	soldado
244.374	243100	243330	sino
245.380	243530	243710	que
245.380	243710	243850	te
245.380	243850	244350	adornes
245.380	244350	244530	con
245.380	244630	244690	el
246.387	244460	244850	hábito
246.387	244940	245120	que
246.387	245120	245250	tu
246.387	245250	245650	oficio
247.394	245610	245830	requiere
248.406	246820	247000	con
248.406	247000	247240	tal
248.406	247240	247390	que
248.406	247500	247720	sea
248.406	247720	248270	limpio
249.129	247550	247620	y
249.129	247620	247850	bien
249.129	247900	248600	compuesto.
252.611	250540	250870	Pues
252.611	250880	251480	hágote
252.611	251480	251900	saber
253.614	251650	251870	que
253.614	251910	252010	es
253.614	252010	252150	el
253.614	252150	252430	más
253.614	252430	252990	valiente
254.618	253080	253150	y
254.618	253150	253290	el
254.618	253290	253580	más
255.627	253340	253940	enamorado
255.627	253940	254000	y
255.627	254000	254120	el
255.627	254130	254400	más
256.627	254600	255160	comedido
256.627	255160	255360	que
257.639	255240	255580	tiene
257.639	255580	255720	el
257.639	255720	256060	mundo
258.659	256310	256450	si
258.659	256450	256590	no
258.659	256590	256730	es
258.659	256730	256940	que
258.659	256940	257150	nos
259.667	257120	257510	miente
259.667	257510	257560	y
259.667	257570	257770	nos
259.667	257770	258220	engaña
260.666	258440	258630	una
260.666	258640	259180	historia
260.666	259180	259310	de
260.666	259310	259510	que
260.666	259510	259710	sus
261.675	259940	260580	hazañas
262.671	260380	260660	anda
262.671	260690	261170	impresa
263.152	261200	261270	y
263.152	261270	261410	yo
263.152	261410	261570	he
263.152	261570	262400	leído.
267.792	264720	265980	ofreciósele
267.792	265980	266180	el
267.792	266190	267030	gallardo
267.792	267030	267710	pastor,
268.799	267030	267490	pidióle
268.799	267490	267670	que
269.815	267770	268330	viniese
269.815	268330	268570	con
269.815	268570	268810	él
269.815	268810	268890	a
269.815	268890	269130	sus
269.917	269150	269790	tiendas.
271.942	269880	270370	hubo
271.942	270370	270620	lo
271.942	270620	270870	de
272.958	271360	272870	conceder
272.958	272870	272870	don
273.811	271590	272310	quijote
273.811	272320	272440	y
273.811	272440	272950	así
273.811	272950	273200	lo
273.811	273200	273730	hizo.
276.840	274260	274960	llegó
276.840	274960	275190	en
276.840	275190	275670	esto
276.840	275680	275960	el
276.840	275960	276540	ojeo.
279.971	277900	278180	y
279.971	278180	278740	de
279.971	278750	279890	puta.
280.972	279020	279090	y
281.975	279080	279340	qué
281.975	279350	279870	corazón
281.975	279870	280000	de
281.975	280000	280440	mármol
282.990	280640	280920	qué
282.990	280920	281570	entrañas
282.990	281570	281720	de
282.990	281720	282140	bronce
283.908	282650	282740	y
283.908	282740	283120	qué
283.908	283120	283490	alma
283.908	283500	283810	de
283.908	283810	283810	argamasa.
285.885	283820	284070	pero
285.885	284070	284190	no
285.885	284190	284500	puedo
285.885	284510	284880	pensar
286.893	285050	285240	qué
286.893	285240	285370	es
286.893	285370	285490	lo
286.893	285500	285700	que
286.893	285700	285880	vio
286.893	285890	286160	esta
287.897	286160	286690	doncella
287.897	286690	286820	en
287.897	286820	287290	vuestra
288.906	287050	287540	merced
288.906	287540	287780	que
289.917	287740	287940	así
289.917	287940	288080	la
289.917	288080	288810	rindiese
290.378	288820	289980	y
290.378	290000	290000	avasallase.
293.967	291080	291080	en
293.967	291190	291260	la
293.967	291260	291570	isla
293.967	291650	291800	de
294.978	291800	292520	serdeña
294.978	292520	292610	hay
294.978	292790	293150	unos
294.978	293150	293870	torrones
295.916	294200	294500	que
295.916	294500	294670	se
295.916	294770	295190	llaman
295.916	295190	295830	nurah
297.898	295920	296110	que
297.898	296110	296500	nadie
297.898	296550	296860	sabe
298.900	297210	297670	qué
298.900	297670	298360	pueblo
299.909	299210	299830	eran
299.909	299830	299830	y
299.909	299830	299830	los
300.915	298210	298940	egipcios
300.915	298940	299870	levantaron
301.922	300050	300350	con
301.922	300350	301060	piedras
302.925	300770	301340	enormes
302.925	301340	301580	sus
303.030	301700	302250	pirámides
305.458	303650	304090	dolmenes
306.058	304380	304500	no
306.058	304500	304950	eran
306.058	304950	305380	para
306.058	305380	305400	vivir
308.056	306030	306290	sino
308.056	306300	306560	para
309.073	306920	307790	enterrar
309.073	308150	308170	sus
309.073	308170	308980	muertos
310.080	308090	308090	o
310.080	308160	308450	para
310.080	308450	308610	ir
310.080	308630	308720	a
310.080	308720	309080	oír
310.080	309080	309160	a
311.087	308970	309200	los
311.087	309200	309660	viejos
311.087	309660	309730	y
311.087	309730	309960	los
312.091	309800	310190	sabios
312.091	310210	310560	cuando
312.091	310630	311150	cambiaba
312.091	311220	311320	la
313.098	312120	312720	estación
314.103	312030	312150	o
314.103	312150	313040	había
314.103	313120	313990	guerra
314.103	313990	313990	o
315.109	313120	313580	tenían
315.109	313660	313790	que
315.109	313790	314200	elegir
315.236	314220	314460	rey
317.235	315180	315820	para
317.235	315910	317170	recordar
318.242	316200	316540	cada
318.242	316540	316870	cosa
319.253	316700	316840	de
319.253	316840	317220	estas
319.253	317220	317680	clavaban
320.255	318060	318220	en
320.255	318220	318380	el
320.255	318380	318790	suelo
320.255	318790	319010	una
321.262	319130	319500	piedra
321.262	319500	319820	grande
322.269	320710	321080	como
322.269	321080	321120	una
322.269	321520	321960	columna
323.275	321570	321830	que
323.275	321830	322530	llamaban
323.814	322400	323140	menhir
