3.294	1240	1430	It
3.294	1550	1620	is
3.294	1620	1710	a
3.294	1710	2090	very
3.294	2090	2470	fine
4.300	2470	2750	old
4.300	2750	3240	place
4.640	2980	3300	of
4.640	3300	3780	red
4.640	3780	4570	brick.
7.638	4710	5520	softened
7.638	5520	5760	by
7.638	5760	5870	a
7.638	5870	6200	pale
8.099	6500	7260	powdery
8.099	7260	8000	lichen
10.292	8520	8670	which
10.292	8670	8930	has
11.297	9300	10450	dispersed
11.297	10450	11230	itself
12.298	10250	10620	with
12.298	10620	11090	happy
12.541	11190	12470	irregularity
14.535	12640	12660	so
14.535	12660	12840	as
14.535	12840	13010	to
14.535	13020	13470	bring
14.535	13470	13730	the
15.544	14540	14770	red
15.544	14770	15470	brick
16.546	14540	14730	into
16.546	14730	15040	terms
16.546	15040	15160	of
16.546	15160	15650	friendly
17.427	16180	17350	companionship
19.417	17380	17680	with
20.421	17520	17640	the
20.421	17640	17940	limestone
20.421	17980	18360	ornaments
21.426	19340	20210	surrounding
21.426	20210	20450	the
21.426	20450	20830	three
21.426	20870	21350	gables
22.432	22350	22350	the
23.433	21310	21710	windows
23.433	22060	22130	and
23.433	22130	22210	the
23.674	22220	23590	doorplace
25.918	24120	24120	but
25.918	24130	24380	the
25.918	24380	24970	windows
25.918	25030	25240	are
26.921	25100	25640	patched
26.921	25640	25950	with
27.929	26660	27300	wooden
27.929	27300	27770	panes
29.574	26920	27150	and
29.574	27210	27400	the
29.574	27400	27700	door
29.936	28070	28140	i
29.936	28140	28310	think
29.936	28640	28750	is
29.936	28750	29070	like
30.136	29330	29590	the
30.136	29590	30050	gate
31.573	30190	30250	it
31.573	30250	30440	is
31.573	30440	30910	never
31.573	30910	31290	opened
33.918	32170	32320	for
33.918	32320	32620	it
33.918	32620	32920	is
33.918	32920	33070	a
34.918	32660	33150	solid
34.918	33150	33640	heavy
35.739	34260	35110	handsome
35.739	35110	35670	door
37.740	35800	35870	and
37.740	35870	36120	must
37.740	36120	36370	once
37.740	36370	36610	have
38.745	36810	37110	been
38.745	37110	37260	in
38.745	37260	37490	the
38.745	37490	37860	habit
38.745	37870	38020	of
39.751	37850	38420	shutting
39.751	38420	38700	with
39.751	38700	38770	a
40.373	39300	39740	sonorous
40.373	39910	40290	bang
42.356	40300	40820	behind
42.356	40820	41080	the
43.364	41080	41770	liveried
43.364	41770	42300	lackey
44.371	42300	42470	who
44.371	42470	42640	had
44.371	42640	42870	just
44.371	42870	43090	seen
44.371	43090	43270	his
45.375	43200	43520	master
45.375	43520	43650	and
45.375	43680	44100	mistress
45.375	44100	44260	off
45.375	44260	44440	the
46.385	44570	45210	grounds
46.385	45220	45410	in
46.385	45410	45490	a
47.204	45530	46370	carriage
47.204	46370	46580	and
47.204	46680	47110	pair
49.384	47320	47420	a
49.384	47610	47940	large
50.381	47870	48230	open
50.381	48240	49080	fireplace
51.246	49330	49750	with
51.246	49750	50240	rusty
51.246	50240	50680	dogs
51.246	50680	50900	in
51.246	50910	51170	it
53.234	51180	51480	and
53.234	51480	51580	a
53.416	51600	52030	bare
53.416	52030	52780	boarded
53.416	52780	53350	floor
55.995	54210	54300	at
55.995	54300	54840	the
55.995	54840	55150	far
55.995	55580	55930	end
57.003	55590	56240	fleeces
57.864	56180	56360	of
57.864	56400	56740	wool
57.864	56810	57520	stacked
57.864	57560	57790	up
60.118	58060	58250	in
60.118	58390	58530	the
60.118	58530	59060	middle
60.118	59080	59290	of
60.118	59290	59530	the
61.120	59850	60060	floor
61.120	60060	60290	some
62.124	60530	61110	empty
62.124	61110	61560	corn
62.124	61600	62050	bags
64.117	62060	62240	and
64.117	62350	62490	what
64.117	62490	62910	through
64.117	62910	63100	the
64.843	63490	64240	left-hand
64.843	64240	64770	window
66.833	64840	65470	several
66.833	65470	66110	clothes
66.833	66110	66760	horses
68.840	66800	66860	a
68.840	66890	67480	pillion
69.602	67670	67790	a
69.602	67790	68780	spinning
69.602	68860	69520	wheel
71.598	69560	69740	and
71.598	69740	69870	an
71.598	69870	70070	old
71.598	70070	70200	box
72.605	70290	70530	wide
72.605	70530	70770	open
72.605	70810	70990	and
72.605	70990	71440	stuffed
73.607	72030	72370	full
73.607	72370	72540	of
73.607	72540	73130	colored
73.694	73190	73570	rags
75.838	73780	73990	at
75.838	74000	74330	the
75.838	74330	74770	edge
75.838	74770	74980	of
76.844	75590	76240	this
76.844	76250	76770	box
76.844	76770	76770	there
77.844	75880	76240	lies
77.844	76250	76250	a
77.844	76410	76800	great
77.844	76800	77140	wooden
77.844	77340	77770	doll
79.856	77780	78220	which
79.856	78230	78410	so
79.856	78410	78680	far
79.856	78700	78860	as
80.861	79400	80770	mutilation
80.861	80770	80770	is
81.866	80240	81110	concerned
82.869	81040	81110	bears
82.869	81110	81200	a
82.869	81200	81750	strong
83.877	81600	82460	resemblance
83.877	82460	82610	to
84.879	82820	83070	the
84.879	83070	83560	finest
84.879	83560	83970	greek
85.887	83700	84340	sculpture
86.898	83710	83960	and
86.898	83960	84770	especially
86.898	84770	84860	in
86.898	84920	85170	the
86.898	85170	85570	total
87.632	86200	86540	loss
87.632	86540	86710	of
87.632	86710	86930	its
87.632	86960	87510	nose
89.658	87600	87820	the
89.658	87910	88330	history
89.658	88330	88470	of
89.658	88470	88690	the
89.658	88690	89060	house
90.277	89330	89500	is
90.277	89500	89910	plain
90.277	89920	90210	now
92.340	90600	90630	but
92.340	90630	91210	there
92.340	91210	91440	is
92.340	91440	92140	always
93.341	91590	91630	a
93.341	91690	92330	stronger
93.341	92330	92740	sense
94.348	93580	93800	of
94.348	93800	94270	life
95.353	93450	93540	when
95.353	93540	93740	the
95.353	93740	93940	sun
95.353	93940	94060	is
95.353	94060	94660	brilliant
96.335	95320	95820	after
96.335	95820	96250	rain
98.318	96370	96470	and
98.318	96470	96680	now
98.318	96680	96810	he
98.318	96830	96960	is
98.318	96960	97450	pouring
99.321	98040	98410	down
99.321	98410	98690	his
100.325	98320	98730	beams
100.325	98950	99010	and
100.325	99010	99530	making
101.331	99180	99800	sparkles
102.334	100670	101150	among
102.334	101150	101440	the
102.334	101440	101730	wet
103.339	101520	101960	straw
104.344	102040	102310	and
104.344	102460	103070	lighting
104.344	103070	103250	up
105.352	103250	103630	every
105.352	103630	104010	patch
106.357	104160	104330	of
106.357	104330	104750	vivid
106.357	104830	105190	green
106.357	105190	105530	moss
107.363	105600	105690	on
107.363	105810	106050	the
107.363	106050	106320	red
108.364	106560	107040	tiles
108.364	107040	107230	of
108.364	107230	107510	the
109.367	108500	109220	cowshed
111.382	107840	108260	shed
111.382	108370	108390	and
111.382	108510	108900	turning
111.382	108900	109160	even
111.382	109160	109350	the
111.382	109350	109670	muddy
111.382	109670	109990	water
112.391	109880	110120	that
112.391	110120	110200	is
112.391	110380	110720	hurrying
112.391	110720	111020	along
112.391	111020	111200	the
113.396	111960	112460	channel
113.396	112460	112570	to
113.396	112590	112830	the
113.396	113080	113250	drain
114.309	113249	113619	into
114.309	113619	113709	a
115.316	114509	115259	mirror
116.320	114509	114629	for
116.320	114629	114869	the
116.320	114869	115359	yellow
117.330	115929	116619	billed
117.330	116629	117249	ducks
118.334	115989	116219	who
118.334	116459	116479	are
118.334	116479	117049	seizing
118.334	117049	117289	the
118.334	117289	118259	opportunity
119.336	118079	118219	of
119.336	118219	118659	getting
120.346	118869	118949	a
120.346	119069	119349	drink
121.353	119319	119529	with
121.353	119529	119669	as
121.353	119669	119949	much
121.353	119949	120219	body
122.351	120969	121139	in
122.351	121139	121309	it
122.351	121309	121479	as
122.351	121479	122259	possible
124.364	121489	121739	for
124.364	121739	121979	the
124.364	122169	122379	great
124.364	122389	122709	barn
124.364	122709	123119	doors
125.371	123619	123899	are
125.371	123899	124429	thrown
125.371	124809	124849	wide
125.371	124849	125259	open
126.376	124999	125269	and
126.376	125269	125539	men
126.376	125539	125809	are
127.382	125349	125619	busy
127.382	125619	125959	there
127.579	126179	126679	mending
127.579	126679	126889	the
127.579	126889	127409	harness
129.518	127520	127890	under
129.518	127890	128150	the
130.521	128230	129660	superintendence
130.521	129660	129850	of
130.521	129850	130030	mr
131.526	130910	131450	goby
131.526	131450	131450	the
132.531	131230	132120	widow
132.531	132450	132450	otherwise
133.538	131640	132240	saddler
134.542	132720	132730	who
134.542	132730	133640	entertains
135.558	132730	133000	them
135.558	133000	133310	with
135.558	133310	133540	the
135.558	133540	134010	latest
136.549	135050	135920	treadleston
136.549	135920	136450	gossip
138.566	136560	136760	hetty
139.567	136660	137210	searle
139.567	137210	137380	often
139.567	137760	138050	took
139.567	138050	138330	the
139.567	138330	139290	opportunity
141.577	141450	141450	when
141.577	141450	141450	her
141.577	141450	141450	aunt's
141.577	141450	141450	back
142.581	140830	141090	was
142.581	141090	141580	turned
143.587	141140	141280	of
143.587	141630	141770	looking
143.587	141770	141910	at
143.587	141910	142120	the
144.591	142270	142890	pleasing
144.591	142890	143660	reflection
146.514	143659	144059	herself
146.514	144409	144489	in
146.514	144489	144949	those
146.514	144949	145689	polished
147.521	146679	147449	services
148.527	146679	147029	for
148.527	147099	147419	the
148.527	147419	147779	oak
149.531	147099	147299	table
149.531	147299	147639	was
150.536	148139	148749	usually
150.536	148749	149269	turned
150.536	149269	149439	up
151.542	149679	149999	like
151.542	149999	150079	a
151.542	150079	150499	screen
152.546	150729	150869	and
152.546	150869	151119	was
152.546	151119	151459	more
152.546	151459	151699	for
153.548	151729	152459	ornament
153.548	152459	152819	than
153.548	152819	153079	for
154.557	153179	153439	use
155.561	153249	153569	and
155.561	153769	153879	she
155.561	153889	154389	could
155.561	154389	154699	see
156.566	154409	155069	herself
156.566	155069	155849	sometimes
157.574	155499	155679	in
157.574	155679	155849	the
157.574	155979	156389	great
158.351	156649	157099	round
158.351	157209	157639	pewter
158.351	157639	158069	dishes
160.293	158420	158520	that
160.293	158520	158800	were
160.293	158800	159370	arranged
160.293	159370	159510	on
160.293	159510	159720	the
161.299	159800	160320	shelves
162.306	160250	160610	above
162.306	160610	160820	the
162.306	160820	161090	long
162.946	161680	161880	deal
162.946	161910	162370	dinner
162.946	162400	162870	table
164.941	162950	163070	or
164.941	163070	163230	in
164.941	163300	163530	the
164.941	163530	163910	hobs
165.949	163760	163920	of
165.949	163920	164130	the
165.949	164180	164480	great
165.949	164570	164960	which
165.949	164960	165440	always
167.956	166230	166760	shone
167.956	166760	167180	like
167.956	167270	167870	jasper
168.958	167270	167390	do
168.958	167390	167650	not
168.958	167650	168250	suppose
169.969	167970	168510	however
170.974	168900	169220	that
170.974	169220	169380	mrs
170.974	169470	169970	poyser
171.985	169470	169620	was
171.985	169620	170090	elderly
171.985	170100	170230	or
172.987	170870	171540	shrewish
172.987	171540	171710	in
172.987	171710	171960	her
172.987	171960	172570	appearance
175.316	173260	173500	she
175.316	173590	173760	was
175.316	173760	173840	a
176.322	174120	175520	good-looking
176.322	175670	176250	woman
177.327	175250	175490	not
177.327	175670	175820	more
177.327	175820	176140	than
178.332	176610	177170	eight
178.332	177170	177520	and
178.332	177860	178250	thirty
179.337	177400	177520	a
179.337	177540	178010	fair
180.342	177890	178950	complexion
180.342	178950	179270	and
181.348	179310	179780	sandy
181.348	179780	180060	hair
182.354	180740	181650	well-shapen
183.356	181970	183250	light-footed
185.576	183540	183740	the
185.576	183740	184110	family
185.576	184180	184770	likeness
186.582	185380	186160	between
186.582	186160	186420	her
187.588	185520	185790	and
187.588	185920	186080	her
187.588	186080	186430	niece
188.593	186460	186770	dina
188.593	186770	187230	morris
189.601	187190	187460	with
189.601	187500	187720	the
189.601	187810	188350	contrast
190.602	188850	189450	between
190.602	189450	189700	her
190.602	189700	190510	keenness
191.608	190400	190740	and
192.617	190310	190800	dina's
193.616	190920	191570	seraphic
193.616	191570	192390	gentleness
193.616	192390	192540	of
194.620	192350	193200	expression
195.627	193650	193890	might
195.627	193970	194280	have
195.627	194280	194720	served
196.633	194610	194690	a
196.633	194690	195260	painter
196.633	195260	195310	as
197.634	195590	195740	an
197.634	195770	196500	excellent
197.634	196500	197510	suggestion
198.642	197370	197420	for
198.642	197420	197500	a
199.643	198180	198670	martha
199.643	198690	198950	and
199.643	198960	199510	mary
201.577	199660	199730	her
201.577	199730	200170	tongue
201.577	200170	200390	was
201.577	200390	200580	not
202.581	200880	201220	less
202.581	201220	201570	keen
202.581	201580	201930	than
202.581	201930	202200	her
203.589	201830	202060	eye
204.598	201920	202080	and
204.598	202380	202720	whenever
204.598	202720	202790	a
204.598	202790	203230	damsel
205.599	203950	204300	came
205.599	204300	204740	within
205.599	204830	205500	earshot
206.611	205240	205690	seemed
206.611	205740	205880	to
207.612	205400	205690	take
207.612	205740	205860	up
207.612	205860	206010	an
208.615	206270	207080	unfinished
208.615	207080	207650	lecture
209.626	207850	208010	as
209.626	208010	208080	a
209.626	208080	208580	barrel
210.628	208940	209350	organ
210.628	209380	209800	takes
210.628	209800	209960	up
210.628	209960	210050	a
210.628	210180	210510	tune
211.631	209770	210500	precisely
212.634	210180	210230	at
212.634	210230	210450	the
212.634	210450	210850	point
213.641	211850	212260	where
213.641	212380	212440	it
213.641	212440	212680	had
213.641	212680	213020	left
213.641	213030	213510	off
215.702	213640	213850	the
215.702	213920	214150	fact
215.702	214150	214420	that
215.702	214480	214580	it
215.702	214580	214800	was
216.701	215400	216280	churning
216.701	216280	216620	day
217.710	215330	215500	was
217.710	215670	215960	another
217.710	215960	216340	reason
218.716	216970	217190	why
218.716	217190	217350	it
218.716	217350	217570	was
218.716	217590	218630	inconvenient
219.717	218440	218590	to
219.717	218590	218890	have
219.717	218890	219120	the
220.722	219990	220610	widows
221.728	220060	220310	and
221.728	220310	220560	why
222.735	220370	221260	consequently
222.735	221340	221580	mrs
223.741	221680	222160	poyser
223.741	222160	222650	should
224.755	222530	222920	scold
224.755	222920	223320	molly
225.754	223000	223210	the
225.754	223210	223900	housemaid
225.754	223900	224210	with
226.758	225190	225780	unusual
226.758	225780	226630	severity
228.766	226900	226910	to
228.766	226910	227140	all
228.766	227190	227760	appearance
229.769	227680	228100	molly
229.769	228100	228350	had
230.779	228060	228260	got
230.779	228260	228780	through
230.779	228950	229090	her
232.706	229089	229369	her
232.706	229369	230469	after-dinner
232.706	230549	230849	work
232.706	230849	231029	in
232.706	231029	231169	an
232.706	231209	232039	exemplary
232.706	232049	232629	manner
233.710	231729	232059	had
235.719	232439	232889	cleans
241.749	232539	233079	herself
241.749	233079	233399	with
241.749	233399	233889	great
241.749	233889	234659	dispatch
241.749	234669	234959	and
241.749	235049	235269	now
241.749	235269	235619	came
241.749	235649	235829	to
241.749	235839	236119	ask
241.749	236119	237239	submissively
241.749	237239	237429	if
241.749	237449	237639	she
241.749	237729	238219	should
241.749	238289	238569	sit
241.749	238569	238949	down
241.749	238949	239139	to
241.749	239139	239419	her
241.749	239419	240179	spinning
241.749	240179	240559	till
241.749	240559	241209	milking
241.749	241219	241629	time
243.755	241939	242409	spinning
244.762	242499	243079	indeed
245.769	242649	242729	I
245.769	242729	243159	never
245.769	243159	243549	knew
245.769	243579	243919	your
246.609	244439	245009	equals
246.609	245019	245309	for
246.609	245309	246469	gallowsness
248.534	246550	246720	who
248.534	246720	247190	taught
248.534	247190	247430	you
248.534	247430	247580	to
249.544	247460	247650	scrub
249.544	247820	247880	a
249.544	247880	248210	floor
250.553	248830	248910	I
250.553	248940	249450	should
250.553	249490	249870	like
250.553	249870	250060	to
250.553	250130	250470	know
251.556	249650	249960	comb
251.556	250130	250190	the
252.560	250520	250780	wool
252.560	250900	251120	for
252.560	251120	251370	the
252.560	251370	251870	widows
253.572	251320	251770	indeed
254.578	251910	252370	that's
254.578	252590	252680	what
254.578	252680	253050	you'd
254.578	253050	253370	like
254.578	253370	253510	to
254.578	253520	253670	be
255.579	254500	255020	doing
255.579	255040	255200	is
255.579	255260	255440	it
257.594	254810	255290	that's
257.594	255290	255530	the
257.594	255530	255770	way
257.594	255770	256090	with
257.594	256090	256310	you
258.603	255900	256340	that's
258.603	256350	256550	the
258.603	256590	256890	road
258.603	256890	257270	you'd
259.605	257680	257880	all
259.605	257980	258240	like
259.605	258240	258400	to
259.605	258400	258460	go
260.605	258940	259670	headlongs
260.605	259670	259830	to
260.605	259830	260470	ruin
262.618	260840	261010	mr
262.618	261010	261690	oatley's
263.631	262590	262860	indeed
265.537	262860	263070	for
265.537	263070	263560	sitting
265.537	263560	263840	down
265.537	263840	263980	to
265.537	263980	264260	your
265.537	264260	264470	work
266.551	264430	264470	a
266.551	264540	264890	little
266.551	264890	265220	while
267.555	266080	266450	after
267.555	266450	266730	it's
267.555	266730	267010	time
267.555	267010	267150	to
267.555	267150	267470	put
268.080	266550	267990	by
270.057	268060	269990	money
270.057	269990	269990	my
271.061	268950	269500	irons
271.061	269610	270330	twight
272.067	269640	270010	told
273.069	270850	271420	please
273.069	271420	271730	put
273.069	271730	271930	it
273.069	271930	272200	down
273.069	272370	272540	to
273.069	272540	272990	warm
275.197	273320	275130	cold
276.201	273480	273650	is
276.201	273650	273820	it
276.201	273820	273990	my
276.201	273990	274570	darling
276.201	274580	275000	bless
277.208	275630	276060	your
277.208	276060	276630	sweet
277.208	276630	277130	face
278.219	276010	276410	she's
278.219	276620	276820	going
278.219	276870	276990	to
279.216	277110	277320	put
279.216	277390	277610	the
279.216	277610	278200	ironing
279.216	278200	278690	things
280.220	279760	280130	away
281.228	280570	281130	money
282.230	279550	279660	i
282.230	279750	279990	did
282.230	279990	280350	like
283.239	280960	281150	to
283.239	281150	281330	do
283.239	281340	281720	into
283.239	281720	281960	the
283.239	282000	282380	barn
284.245	282320	282480	to
284.245	282520	282940	tommy
285.247	283460	283660	to
285.247	283660	283960	see
285.247	283960	284250	the
286.254	285240	286130	widowed
287.258	286210	286470	no
287.258	286470	286720	no
287.258	286860	287130	no
289.266	286100	286720	toddy'd
289.266	286870	287160	get
289.266	287160	287480	her
289.266	287480	287900	feet
289.266	287900	288210	wet
290.273	288570	288920	said
290.273	288920	289230	mrs
292.198	289229	289539	her
292.198	289989	290679	carrying
292.198	290679	291109	away
292.198	291219	291589	her
292.198	291679	292139	iron
293.204	293139	293139	did
294.205	292259	292619	ever
294.205	292619	293229	anybody
295.217	293029	293319	see
295.217	293319	293609	the
295.217	293609	293999	like
296.221	294279	295109	screamed
296.221	295109	295399	mrs
297.224	294569	295079	poyser
297.224	295089	295709	running
298.230	296059	296709	towards
298.230	296709	296989	the
298.230	296989	297449	table
299.238	297209	297569	when
299.238	297569	297829	her
299.238	297839	298109	eye
300.240	297799	298059	had
300.240	298059	298589	fallen
300.240	298589	298759	on
300.240	298759	299019	the
300.240	299019	299369	blue
300.459	299669	300359	stream
302.515	300460	301290	toddy
302.515	301290	302430	however
303.522	301490	301730	had
303.522	301740	302430	descended
303.522	302550	302750	from
304.526	302550	302720	her
304.526	302720	303090	chair
304.526	303090	303380	with
304.526	303380	303750	great
305.534	303770	304430	swiftness
306.536	304300	304500	and
306.536	304610	304720	was
306.536	304720	305220	already
306.536	305220	305360	in
307.540	305690	306070	retreat
307.540	306240	306750	towards
308.551	306400	306610	the
308.551	306610	306970	dairy
309.555	307540	307850	with
309.555	307850	307920	a
309.555	307920	308240	sort
309.555	308240	308390	of
309.555	308390	309010	waddling
310.563	308840	309050	run
311.575	309100	309340	and
311.575	309450	309490	an
311.575	309490	309950	amount
311.575	309950	310040	of
311.575	310230	310330	fat
312.578	310230	310270	on
312.578	310270	310520	the
312.578	310520	310850	nape
312.578	310850	311020	of
312.578	311020	311250	her
312.578	311270	311600	neck
313.580	311710	312090	which
313.580	312090	312400	made
314.586	312170	312360	her
314.586	312360	312660	look
314.586	312660	312880	like
314.586	312950	313180	the
315.596	312830	313780	metamorphosis
315.596	313780	313910	of
316.593	314760	314820	a
316.593	314820	315180	white
316.593	315220	315810	suckling
316.593	315840	316450	pig
318.523	316450	316660	and
318.523	316760	316930	she
318.523	316930	317160	was
318.523	317160	317490	very
319.521	317540	317850	fond
319.521	317920	318050	of
319.521	318050	318290	you
319.521	318290	318550	too
319.521	318550	318850	aunt
320.535	318270	318690	rachel
321.544	319000	319080	i
321.544	319080	319390	often
321.544	319450	319820	heard
321.544	319820	320040	her
321.544	320040	320330	talk
322.544	320530	320680	of
322.544	320680	320910	you
322.544	320910	321060	in
322.544	321060	321290	the
322.544	321290	321600	same
322.544	321600	321910	sort
322.544	321910	322040	of
322.544	322060	322450	way
324.556	322640	322850	when
324.556	322850	323080	she
324.556	323080	323280	had
324.556	323380	323610	that
324.556	323610	323840	bad
325.563	323590	324120	illness
326.565	324480	324620	and
326.565	324620	324700	i
326.565	324700	324940	was
326.565	324940	325260	only
326.565	325260	325750	eleven
326.565	325750	326050	years
327.575	326230	326450	old
328.581	326230	326330	she
328.581	326330	326640	used
328.581	326640	326800	to
328.581	326800	327040	say
329.588	329450	329450	you'll
329.588	329450	329450	have
329.588	329450	329450	a
329.588	329450	329450	friend
329.588	329450	329450	on
330.595	328620	329010	earth
330.595	329010	329160	in
330.595	329160	329470	your
330.595	329470	329780	aunt
330.595	329780	330450	rachel
331.542	329850	329980	if
331.542	330000	330220	i'm
331.542	330220	330600	taken
331.542	330600	330900	from
331.542	330900	331240	you
333.459	331480	331710	for
333.459	331710	331920	she
333.459	332010	332330	has
333.459	332330	332430	a
333.459	332430	332760	kind
333.459	332890	333390	heart
334.468	333120	333280	and
334.468	333280	333460	i'm
335.470	333680	334080	sure
335.470	334080	334480	i've
335.470	334480	334970	found
335.470	334970	335170	it
335.470	335180	335390	so
337.484	335750	335920	and
337.484	335920	336370	there's
337.484	336370	336710	linen
337.484	336710	336840	in
338.491	336770	336960	the
338.491	336960	337270	house
338.491	337270	337390	as
338.491	337390	337450	i
339.500	337960	338360	could
339.500	338360	338580	well
339.500	339000	339080	spare
339.500	339080	339390	you
340.503	338880	338880	for
340.503	339000	339040	i
340.503	339040	339270	got
341.509	339150	339440	lots
341.509	339440	339540	of
341.509	339600	340160	sheeting
341.509	340160	340380	and
342.511	340490	340770	table
342.511	340880	341440	clothing
342.511	341510	341720	and
343.521	341790	342360	toweling
345.539	342030	342300	this
345.539	342300	342630	isn't
345.539	342630	342860	made
345.539	342940	343030	up
345.539	343030	343220	but
345.539	343220	343420	not
345.539	343440	343700	more
345.539	343730	343960	than
346.548	343850	344310	what's
346.548	344310	344450	in
346.548	344500	344660	the
346.548	344720	345060	bible
346.548	345080	345390	aunt
347.549	346590	346930	said
347.549	346930	347390	dinah
349.458	347390	347940	nay
349.458	347940	348670	dear
349.458	348810	349390	aunt
350.465	348830	349030	you
350.465	349100	349520	never
350.465	349520	349950	heard
351.472	349660	349780	me
351.472	349780	349970	say
351.472	349970	350210	that
351.472	350220	350410	all
352.480	350350	350710	people
352.480	350710	350890	are
352.480	350890	351250	called
352.480	351250	351370	to
353.482	351370	351790	forsake
353.482	351790	352090	their
353.482	352090	352330	work
354.488	353030	353280	and
354.488	353280	353690	their
354.488	354090	354390	families
355.493	353390	353620	we
355.493	353620	353950	can
355.493	354090	354280	all
356.500	354690	354830	be
356.500	354830	355420	servants
356.500	355420	355550	of
356.500	355690	355780	god
357.500	355860	356470	wherever
357.500	356470	356700	our
358.071	357070	357340	lot
358.071	357340	357510	is
358.071	357510	357950	cast
360.338	358560	358560	but
360.338	358580	358750	he
360.338	358750	359220	gives
360.338	359220	359330	us
361.341	359280	360090	different
361.341	360170	360660	sorts
361.341	360670	360870	of
361.341	360930	361270	work
362.349	362270	362270	according
363.360	361450	361570	as
363.360	361600	361720	he
363.360	361840	362040	fits
363.360	362050	362210	us
364.358	362610	362840	for
364.358	362870	363020	it
364.358	363040	363280	and
364.358	363280	363560	calls
364.358	363690	363860	us
364.358	363870	364040	to
364.660	364330	364570	it
366.644	364650	364650	i
366.644	364720	364850	can
366.644	364870	365000	no
366.644	365000	365280	more
366.644	365280	365560	help
367.646	365600	366190	spending
367.646	366190	366340	my
367.646	366340	366630	life
368.654	366610	366700	in
368.654	366890	367190	trying
368.654	367190	367330	to
368.654	367330	367460	do
369.661	367510	367760	what
369.661	367760	367830	i
369.661	367830	368050	can
369.661	368050	368270	for
369.661	368270	368490	the
370.662	368600	368970	souls
370.662	368970	369120	of
370.662	369120	369430	others
371.670	369500	369860	then
371.670	370100	370110	you
371.670	370170	370560	could
372.677	370790	371050	help
372.677	371050	371500	running
372.677	371500	371630	if
372.677	371630	371760	you
373.693	371790	372110	heard
373.693	372110	372480	little
374.692	372110	372460	toddy
374.692	372460	372880	crying
374.692	372880	373020	at
374.692	373020	373230	the
375.512	374010	374360	other
375.512	374390	374590	end
375.512	374590	374730	of
375.512	374730	374870	the
375.512	374940	375380	house
377.455	375510	375630	the
377.455	375630	376000	voice
377.455	376000	376390	would
377.455	376390	376540	go
377.455	376540	376690	to
378.465	376690	376990	your
378.465	376990	377390	heart
379.470	377550	377560	you
379.470	377560	377830	would
379.470	377830	378100	think
379.470	378100	378260	the
379.470	378260	378470	dear
379.470	378470	378740	child
380.477	379060	379150	was
380.477	379150	379270	in
380.477	379270	379700	trouble
381.481	380470	380680	or
381.481	380800	380850	in
381.481	380850	381390	danger
382.489	380410	380720	and
382.489	380800	381010	you
382.489	381070	381940	couldn't
383.497	381540	381800	rest
383.497	381810	382270	without
383.497	382350	382750	running
384.499	382850	382920	to
384.499	382990	383250	help
384.499	383250	383450	her
384.499	383450	383600	and
385.507	383880	384390	comfort
385.507	384390	384610	her
386.508	384690	384900	i've
386.508	384900	385320	strong
386.508	385320	385930	assurance
387.518	385800	386050	that
387.518	386050	386170	no
388.525	386220	386510	evil
388.525	386510	386800	will
388.525	386800	387240	happen
388.525	387240	387380	to
388.525	387380	387600	you
389.527	387600	387820	and
389.527	387820	387960	my
389.527	387960	388320	uncle
390.542	388010	388210	and
390.542	388210	388410	the
390.542	388410	388950	children
391.548	389680	389970	from
391.548	389990	390500	anything
391.548	390610	390930	i've
391.548	391020	391390	done
392.552	390160	390230	i
392.552	390230	390660	didn't
393.457	391299	391859	preach
393.457	391859	392509	without
393.457	392509	393399	direction
395.469	393629	395399	direction
396.470	394019	394109	i
396.470	394109	394309	had
396.470	394369	394459	a
396.470	394549	394989	common
397.471	395789	396539	patience
397.471	396629	397059	with
397.471	397059	397389	you
399.488	396399	396509	by
399.488	396529	396789	this
399.488	396799	397059	time
399.488	397069	397259	the
399.488	397319	397349	two
400.498	398289	398779	gentlemen
400.498	398779	398939	had
400.498	398939	399319	reached
400.498	399319	399479	the
401.505	399439	399799	palings
401.505	399889	399969	and
401.505	399969	400099	had
401.505	400139	400279	got
401.505	400389	400509	down
402.266	400779	401109	from
402.266	401109	401489	their
402.266	401509	402149	horses
404.219	402260	402300	it
404.219	402300	402500	was
404.219	402520	402890	plain
404.219	402890	403170	they
404.219	403170	403550	meant
404.678	403860	404050	to
404.678	404050	404410	come
404.678	404410	404610	in
406.678	404630	404930	said
406.678	404970	405060	mr
407.685	405130	405510	irwin
407.685	405550	405870	with
407.685	405910	406130	his
407.685	406200	406730	stately
408.686	407420	408610	cordiality
410.707	407650	407830	oh
410.707	407830	408080	sir
410.707	408130	408520	don't
410.707	408520	409140	mention
410.707	409140	409310	it
411.714	410170	410570	said
411.714	410570	410870	mrs
411.714	410870	411610	poyser
412.715	410640	410740	i
413.723	411440	412150	delight
413.723	412150	412350	in
413.723	412350	412730	your
413.723	413290	413610	kitchen
414.732	412560	413110	poyser
415.733	413290	413290	is
415.733	413290	413560	not
415.733	413560	413740	at
415.733	413740	414100	home
415.733	414100	414280	is
415.733	414280	414450	he
416.742	414450	414760	said
416.742	414820	415460	captain
417.748	415060	415990	donnythorne
418.751	415510	416100	seating
418.751	416100	416640	himself
418.751	416730	417110	where
419.755	416880	417040	he
419.755	417040	417400	could
419.755	417540	417690	see
419.755	417720	418110	along
419.755	418110	418360	the
420.767	418490	418870	short
420.767	418910	419470	passage
421.765	419870	420040	to
421.765	420040	420290	the
421.765	420290	420610	open
423.680	420610	421830	door
423.680	421890	422140	no
423.680	422140	422580	sir
423.680	422580	422790	he
423.680	422870	423610	isn't
424.692	422850	423190	he's
424.692	423370	423520	gone
425.695	423650	423830	to
425.695	423840	424550	rossiter
425.695	424550	424730	to
425.695	424730	425000	see
426.703	424510	424710	mr
426.703	424710	425110	west
427.710	425160	425400	the
427.710	425400	425890	factor
427.710	425890	426230	about
427.710	426320	426670	the
428.717	426830	427110	wool
429.721	427030	427310	but
429.721	427310	427950	there's
429.721	427980	428490	father
430.729	428310	428490	in
430.729	428490	428760	the
430.729	428760	429120	barn
430.729	429120	429390	sir
431.732	430240	430400	if
431.732	430400	430700	he'd
431.732	430720	430880	be
431.732	430880	431040	of
431.732	431040	431280	any
431.732	431280	431610	use
434.101	432060	432240	no
434.101	432300	432920	thank
434.101	432920	433320	you
435.113	433320	433600	i'll
435.113	433600	433910	just
435.113	433910	434210	look
435.113	434220	434370	at
435.113	434370	434600	the
436.117	434190	434450	welps
436.117	434450	434610	and
436.117	434610	434870	leave
436.117	434870	434920	a
436.117	434920	435290	message
437.122	435080	435320	about
437.122	435320	435510	them
437.122	435510	435760	with
437.122	435810	435900	your
438.129	436040	438030	shepherd
439.134	437300	437350	i
439.134	437350	437630	must
439.134	437630	437890	come
439.134	437920	438400	another
439.134	438400	438610	day
440.136	438710	438940	and
440.136	438940	439170	see
440.136	439170	439460	your
440.136	439460	440030	husband
442.361	440300	440350	i
442.361	440500	440570	want
442.361	440570	440680	to
442.361	440680	440900	have
442.361	440900	440950	a
443.365	441140	441990	consultation
443.365	441990	442270	with
443.365	442270	442480	him
443.365	442480	442820	about
444.371	443810	444290	horses
445.381	443130	443310	for
445.381	443330	443460	if
446.387	443840	444040	he's
446.387	444040	444470	anywhere
446.387	444470	444570	on
446.387	444570	444730	the
446.387	444730	444940	farm
446.387	444940	445040	we
446.387	445040	445200	can
447.389	445550	445910	send
447.389	445910	446180	for
447.389	446180	446440	him
447.389	446440	446630	in
447.389	446630	446710	a
447.389	446720	447290	minute
449.402	449290	449290	oh
449.402	449290	449290	sir
450.405	446970	447440	said
450.405	447450	447820	mrs
451.411	448820	449570	poyser
451.411	449570	450340	rather
451.411	450340	451290	alarmed
452.420	449840	450160	you
453.426	451070	451960	wouldn't
453.426	451960	452410	like
453.426	452410	452630	it
453.426	452630	452840	at
453.426	452910	453290	all
454.436	451980	452230	but
454.436	452250	452540	you
454.436	452540	452910	know
455.435	453080	453410	more
455.435	453410	453830	about
455.435	453830	454160	that
455.435	454160	454490	than
455.435	454490	454540	i
455.435	454570	454730	do
456.444	454190	454420	sir
457.452	454090	454170	i
457.452	454170	454580	think
457.452	454580	454660	i
457.452	454660	455120	should
457.452	455150	455290	be
457.452	455380	455710	doing
457.452	455720	455960	you
459.368	455960	456370	doing
459.368	456370	456620	you
459.368	456620	456700	a
459.368	456700	457280	service
459.368	457280	457440	to
459.368	457440	457770	turn
459.368	457770	458010	you
459.368	458020	458270	out
459.368	458270	458430	of
459.368	458430	458750	such
459.368	458750	458830	a
459.368	458840	459290	place
461.403	459380	459410	i
461.403	459410	459700	know
461.403	459700	459920	his
461.403	459920	460170	farm
461.403	460260	460340	is
462.409	460390	460510	in
462.409	460540	461000	better
462.409	461000	461380	order
462.409	461380	461650	than
462.409	461680	461900	any
463.414	461720	462070	other
463.414	462070	462490	within
463.414	462490	462700	ten
463.854	463010	463390	miles
463.854	463390	463540	of
463.854	463540	463770	us
465.840	463870	464110	and
465.840	464110	464330	as
465.840	464330	464660	for
465.840	464660	464970	the
465.840	465000	465770	kitchen
466.845	465450	465630	he
466.845	465630	466070	added
466.845	466120	466770	smiling
467.855	465780	465850	i
467.855	465850	466200	don't
468.862	466230	466660	believe
468.862	466660	467130	there's
468.862	467130	467330	one
468.862	467330	467460	in
468.862	467460	467660	the
469.866	468320	468970	kingdom
469.866	468970	469160	to
469.866	469160	469530	beat
469.866	469530	469770	it
471.879	469780	469910	by
471.879	469910	470110	the
471.879	470110	470240	by
471.879	470240	470500	i've
471.879	470500	470840	never
471.879	470840	471090	seen
472.891	470490	470830	your
472.891	470830	471260	dairy
473.896	471650	471700	i
473.896	471740	472020	must
473.896	472020	472250	see
473.896	472250	472550	your
474.901	473310	473800	dairy
474.901	473800	474060	mrs
474.901	474200	474770	poyser
475.905	474340	474560	this
476.910	474610	474900	mrs
476.910	474900	475480	poyser
476.910	475480	475880	said
477.916	475070	475680	blushing
477.916	475680	475900	and
477.916	475900	476610	believing
478.920	476150	476440	that
478.920	476480	476670	the
478.920	476670	477200	captain
479.932	477380	477590	was
479.932	477590	478020	really
479.932	478020	478740	interested
480.937	479660	479810	in
480.937	479810	480030	her
480.937	480040	480350	milk
480.937	480530	480770	pans
482.838	480770	481140	would
482.838	481150	481610	adjust
482.838	481610	481730	his
482.838	481850	482380	opinion
482.838	482380	482530	of
483.845	482020	482200	her
483.845	482210	482330	to
483.845	482330	482510	the
483.845	482510	483140	appearance
484.845	483950	484100	of
484.845	484100	484330	her
484.845	484460	484770	dairy
486.867	484460	484590	oh
486.867	484590	484870	i've
486.867	484870	485010	no
486.867	485010	485330	doubt
486.867	485350	485630	it's
486.867	485660	485780	in
486.867	485780	486270	capital
487.524	486270	486630	order
