id	es (ASR)	en (es-en direct)	fr (es-fr direct)	de (es-en + en-de pivot)
0	Y las almas	And the souls	Et les âmes	Und die Seelen
1	, buscando algún	Looking for some	, à la recherche de quelque chose	Auf der Suche nach etwas
2	alivio, se revuelven ansiosas y hacen el mundo	relief, turn anxious and make the world	Ils se remontent en hâte et font le monde	Erleichterung, ängstlich werden und die Welt machen
3	Ser del dolor	Being of pain	Être de la douleur	Schmerzwesen
4	obra	play	oeuvre	Spiel
5	El dolor o la	Pain or pain	La douleur ou la	Schmerzen oder Schmerzen
6	nada. Quien tenga corazón	Nothing. Whoever has a heart	Rien. Qui a le cœur	Nichts. Wer ein Herz hat
7	venga y escoja	Come and choose	Viens et choisis.	Komm und wähle
8	Cuando calla el dolor	When the pain is silent	Quand la douleur se taise	Wenn der Schmerz still ist
9	oye a la	Listen to the	Écoute la	Hören Sie sich das
10	muerte las alas	Death to the wings	mort les ailes	Tod bis zu den Flügeln
11	tenebrosas batiren los	darky beats the	Les ténébreux battent les	dunkel schlägt die
12	profundos cual si	deep as if	profondeurs comme si	tief wie ein
13	fuesen las olas del mar	were the waves of the sea	Que les vagues de la mer	waren die Wellen des Meeres
14	de la ilusión	of illusion	de l'illusion	der Illusion
15	los seres sin rumbo bogan	the aimless beings Bogan	les êtres sans but bogan	die ziellosen Wesen Bogan
16	donde se mecen frágiles	where fragile rock	où ils se mélangent fragiles	wobei zerbrechliches Gestein
17	barquillas	Bark	barils	Bark
18	, las fugitivas	, the fugitives	, les fugitives	, die Flüchtlinge
19	formas	shapes	formes	Formen
20	Echar fuera la vida y acallar las	To throw out life and silence the	Mettre la vie en dehors et taire les	Um Leben zu werfen und das Schweigen der
21	domésticas cuestiones con el güero fragor de las	domestic issues with the	les questions avec le guero fragor de la	Inländische Probleme mit der
22	políticas	policies	politiques	Politik
23	a los hombres que se juntan y gritan	to men who gather and shout	aux hommes qui se rassemblent et crient	zu den Männern, die sich versammeln und schreien
24	Hojas, sus gritos	Leaves, her screams	Des feuilles, leurs cris	- Sie schreit.
25	son que el viento lleva	are that the wind carries	Le vent est là	sind, dass der Wind trägt
26	mientras en silencio	while silent	pendant que vous êtes silencieux	während der Stille
27	su dolor	your pain	votre douleur	Ihre Schmerzen
28	radica	where	est	Dabei ist
29	Ala será la noche no podía	Ala will be the night I couldn't	Ala sera la nuit Je ne pouvais pas	Ala wird die Nacht sein, in der ich nicht sein konnte
30	a menos de sonreir	Unless you smile.	à moins de sourire	Es sei denn, du lächelst.
31	ante la idea de	the idea of	à l &apos; idée de	die Idee von
32	haber venido	to have come	être venu	zu sein
33	alime a	encourage	alime a	Förderung
34	predicar resignación y paciencia a un hombre a quien nunca había visto	preaching resignation and patience to a man whom I had never seen before	prêcher résignation et patience à un homme que je n'ai jamais vu	Resignation und Geduld zu predigen, einem Mann, den ich noch nie zuvor gesehen hatte
35	Pero le sugería más serias reflexiones	But I suggested more serious reflections.	Mais je lui suggérais plus de sérieuses réflexions.	Aber ich schlug vor, ernsthaftere Überlegungen zu machen.
36	el hecho de	the fact that	le fait de	die Tatsache, dass
37	que ella	That she	que je lui ai donné	Dass sie
38	Captain Harville no se había un restablecido de	Captain Harville had not been re-established from	Captain Harville n'avait pas été rétabli	Captain Harville war nicht aus dem
39	una grave herida que	a serious wound that	une blessure grave qui	eine schwere Wunde, die
